"title","author","category","collection","source_url","source_type","rights_status","review_status","duplicate_check_status","doctrinal_status","warning_label","recommended_use","notes","next_action"
"The Treasury of David","C. H. Spurgeon","Commentaries","Spurgeon Collection","https://www.spurgeon.org/resource-library/treasury-of-david/","Source landing page","Needs source and reuse review","Needs Review","Check against existing Spurgeon resources","Reviewed for category only","Use with discernment","High-value Psalms commentary; verify source text permissions before public import.","","Find exact public-domain text source and decide whether to import as commentary, library book, or both."
"Metropolitan Tabernacle Pulpit Sermons","C. H. Spurgeon","Preaching & Teaching","Spurgeon Collection","https://archive.org/search?query=%22Metropolitan+Tabernacle+Pulpit%22","Archive search","Needs exact volume review","Needs Review","Check volume/title duplicates","Reviewed for category only","Use with discernment","Large sermon set; import only exact public-domain volumes with stable text source.","","Select one volume, verify publication date and text quality, stage small batch."
"Sermons of C. H. Spurgeon","C. H. Spurgeon","Preaching & Teaching","Spurgeon Collection","https://www.gutenberg.org/ebooks/search/?query=spurgeon","Project Gutenberg search","Candidate only; exact ebook required","Needs Review","Check against existing Gutenberg Spurgeon imports","Reviewed for category only","Use with discernment","Existing library already includes several Spurgeon works; avoid duplicate public cards.","","Pick specific non-duplicate Gutenberg titles with direct ebook IDs."
"Addresses on the Gospel of John","H. A. Ironside","Commentaries","Ironside Collection","https://www.brethrenarchive.org/people/harry-a-ironside/pamphlets/addresses-on-the-gospel-of-john/","Brethren Archive source page","Mixed; exact edition review required","Needs Review","Check existing Ironside samples","Reviewed for category only","Use with discernment","Useful for John commentary expansion; do not import later edited material without review.","","Verify source rights and stage John sample chapters."
"Lectures on the Epistle to the Romans","H. A. Ironside","Commentaries","Ironside Collection","https://www.brethrenarchive.org/media/364659/ironside-h-a-_-epistles-to-the-romans.pdf","Source PDF","Likely U.S. public domain for 1928 first edition; confirm edition","Needs Review","Check existing Romans sample","Reviewed for category only","Use with discernment","Existing rights review notes identify this as a better Ironside candidate.","","Extract sample text and verify against source before larger import."
"Ironside Writings Index","H. A. Ironside","Bible study helps","Ironside Collection","https://www.wholesomewords.org/etexts/ironside/writings.html","Source index","Mixed; title-by-title review required","Needs Review","Check existing Ironside resources","Reviewed for category only","Use with discernment","Use as discovery index only; each title needs its own source and rights review.","","Create title-level manifests for likely public-domain works."
"Dispensational Truth additional edition review","Clarence Larkin","KJV / Textual Issues","KJV Defense Collection","https://archive.org/search?query=Clarence+Larkin","Archive search","Needs exact source review","Needs Review","Likely duplicate; existing Larkin titles present","Reviewed for category only","Use with discernment","Several Larkin works are already in the library; use this only for missing verified works.","","Audit existing Larkin cards before adding anything."
"Rightly Dividing the Word","Clarence Larkin","Bible study helps","KJV Defense Collection","https://archive.org/search?query=%22Rightly+Dividing+the+Word%22+Larkin","Archive search","Needs exact edition review","Needs Review","Check title and source duplicates","Reviewed for category only","Use with discernment","Potential high-value teaching resource if rights and source text are clean.","","Locate public-domain text or stable scan and validate."
"The Book of Daniel duplicate-safe expansion","Clarence Larkin","Commentaries","KJV Defense Collection","https://archive.org/search?query=%22The+Book+of+Daniel%22+%22Clarence+Larkin%22","Archive search","Needs exact source review","Needs Review","Existing Larkin Daniel appears imported","Reviewed for category only","Use with discernment","Do not add another edition as a separate public card unless materially different and reviewed.","","Keep existing import; only update metadata if needed."
"Lectures on the Gospel of John","William Kelly","Commentaries","Kelly Collection","https://www.stempublishing.com/authors/kelly/","Source index","Needs source and edition review","Needs Review","Check existing Kelly resources","Reviewed for category only","Use with discernment","Kelly may be useful but needs exact edition and doctrinal labels.","","Select exact book/chapter source and stage sample only."
"Notes on Romans","William Kelly","Commentaries","Kelly Collection","https://www.stempublishing.com/authors/kelly/","Source index","Needs source and edition review","Needs Review","Check existing Kelly resources","Reviewed for category only","Use with discernment","Candidate for Romans commentary comparison after review.","","Find exact text source, verify rights, stage Romans sample."
"Exposition of the Epistles of John","William Kelly","Commentaries","Kelly Collection","https://www.stempublishing.com/authors/kelly/","Source index","Needs source and edition review","Needs Review","Check existing Kelly resources","Reviewed for category only","Use with discernment","Useful for John-related study if source and structure are clean.","","Create manifest only after exact source is chosen."
"Collected Writings discovery","J. N. Darby","Bible study helps","Darby Collection","https://www.stempublishing.com/authors/darby/","Source index","Needs source, edition, and doctrinal review","Needs Review","No Darby public import currently desired without review","Needs doctrinal review","Use with discernment","Candidate only; do not import broadly or silently.","","Choose narrow Bible-study resource and review before staging."
"Synopsis of the Books of the Bible","J. N. Darby","Bible surveys","Darby Collection","https://www.stempublishing.com/authors/darby/synopsis/","Source index","Needs exact source and reuse review","Needs Review","Check no duplicate","Needs doctrinal review","Use with discernment","Potential Bible survey/commentary source; requires careful labels.","","Stage one book only after rights and doctrinal labels are complete."
"The Annotated Bible discovery","Arno C. Gaebelein","Commentaries","Gaebelein Collection","https://www.gutenberg.org/ebooks/search/?query=gaebelein","Project Gutenberg search","Candidate only; exact ebook required","Needs Review","Existing Gaebelein titles already imported","Reviewed for category only","Use with discernment","Use Project Gutenberg candidates only when exact title is not already present.","","Pick non-duplicate exact ebook IDs."
"The Prophet Daniel","Arno C. Gaebelein","Commentaries","Gaebelein Collection","https://archive.org/search?query=%22Arno+C.+Gaebelein%22+Daniel","Archive search","Needs exact source review","Needs Review","Check existing Gaebelein resources","Reviewed for category only","Use with discernment","Good fit for prophecy/commentary if rights/source are clean.","","Verify exact edition, then stage sample chapters."
"The Numerical Bible","F. W. Grant","Bible study helps","Grant Collection","https://www.stempublishing.com/authors/FW_Grant/","Source index","Needs source and edition review","Needs Review","No Grant imports yet","Needs doctrinal review","Use with discernment","High-effort parsing candidate; likely needs staged samples first.","","Identify exact volume, verify source, and stage one chapter."
"Facts and Theories as to a Future State","F. W. Grant","Christian living","Grant Collection","https://www.stempublishing.com/authors/FW_Grant/","Source index","Needs source and edition review","Needs Review","No Grant imports yet","Needs doctrinal review","Use with discernment","Candidate only; not a first import unless source and use are clear.","","Review title fit and rights before adding to queue."
"The Pulpit Commentary - Matthew volume","Various","Commentaries","Pulpit Commentary","https://archive.org/search?query=%22Pulpit+Commentary%22+Matthew","Archive search","Needs exact volume review","Needs Review","No Pulpit import yet","Needs doctrinal review","Use with discernment","Track separately from current commentary sets; likely large parser work.","","Choose one volume, document edition, stage sample chapter."
"The Pulpit Commentary - John volume","Various","Commentaries","Pulpit Commentary","https://archive.org/search?query=%22Pulpit+Commentary%22+John","Archive search","Needs exact volume review","Needs Review","No Pulpit import yet","Needs doctrinal review","Use with discernment","Useful for John but may be verbose; keep Scripture primary.","","Verify source and test parser on John 3 only."
"The Pulpit Commentary - Romans volume","Various","Commentaries","Pulpit Commentary","https://archive.org/search?query=%22Pulpit+Commentary%22+Romans","Archive search","Needs exact volume review","Needs Review","No Pulpit import yet","Needs doctrinal review","Use with discernment","Candidate for teaching comparison after rights and parsing review.","","Verify exact source and sample Romans 5."
"The Biblical Illustrator - John volume","Joseph S. Exell and contributors","Commentaries","Biblical Illustrator","https://archive.org/search?query=%22Biblical+Illustrator%22+John","Archive search","Needs exact volume review","Needs Review","No Biblical Illustrator import yet","Needs doctrinal review","Use with discernment","Potentially useful illustrations and homiletic material; may be noisy.","","Choose one volume and assess quality before import."
"The Biblical Illustrator - Romans volume","Joseph S. Exell and contributors","Commentaries","Biblical Illustrator","https://archive.org/search?query=%22Biblical+Illustrator%22+Romans","Archive search","Needs exact volume review","Needs Review","No Biblical Illustrator import yet","Needs doctrinal review","Use with discernment","Candidate for teaching helps, not primary commentary.","","Stage one small sample after rights review."
"International Standard Bible Encyclopedia","James Orr and contributors","Bible encyclopedias","Bible Tools","https://archive.org/search?query=%22International+Standard+Bible+Encyclopaedia%22+1915","Archive search","Likely public domain for 1915 edition; exact source required","Needs Review","Check no existing duplicate","Needs doctrinal review","Use with discernment","Large reference work; verify edition and text structure before import.","","Create dictionary/encyclopedia parser plan."
"Hastings' Dictionary of the Bible","James Hastings and contributors","Bible dictionaries","Bible Tools","https://archive.org/search?query=%22Hastings%27+Dictionary+of+the+Bible%22","Archive search","Needs exact edition review","Needs Review","Check no existing duplicate","Needs doctrinal review","Use with discernment","Valuable but may include critical scholarship; labels required.","","Review edition and doctrinal warning before queue."
"A Dictionary of the Bible","William Smith","Bible dictionaries","Bible Tools","https://www.gutenberg.org/ebooks/search/?query=smith+dictionary+bible","Project Gutenberg search","Candidate only; exact ebook required","Needs Review","Smith's dictionary may already exist","Reviewed for category only","Use with discernment","Use only if not duplicating existing Smith resource.","","Audit current dictionary card first."
"Cyclopedia of Biblical, Theological, and Ecclesiastical Literature","John McClintock and James Strong","Bible encyclopedias","Bible Tools","https://archive.org/search?query=%22Cyclopedia+of+Biblical%2C+Theological%2C+and+Ecclesiastical+Literature%22","Archive search","Needs exact volume review","Needs Review","Check no duplicate","Needs doctrinal review","Use with discernment","Large multi-volume work; import only after chunking/search plan.","","Review one volume and define dictionary/encyclopedia route."
"History of the Baptists","Thomas Armitage","Baptist History","Baptist History Collection","https://archive.org/search?query=%22History+of+the+Baptists%22+Armitage","Archive search","Needs exact source review","Needs Review","Check existing Baptist history shelf","Reviewed for category only","Baptist history","Strong Baptist history candidate if source is clean.","","Verify edition and stage as library book."
"A Short History of the Baptists","Henry C. Vedder","Baptist History","Baptist History Collection","https://archive.org/search?query=%22A+Short+History+of+the+Baptists%22+Vedder","Archive search","Needs exact source review","Needs Review","Check existing Baptist history shelf","Reviewed for category only","Baptist history","Useful overview; verify edition and reuse terms.","","Add to acquisition queue, not public library."
"The Baptist Encyclopaedia","William Cathcart","Baptist History","Baptist History Collection","https://archive.org/search?query=%22Baptist+Encyclopaedia%22+Cathcart","Archive search","Needs exact source review","Needs Review","Check no duplicate","Reviewed for category only","Baptist history","Important Baptist reference but large and old; needs careful metadata.","","Verify source and build entry/chunk plan."
"The Trail of Blood","J. M. Carroll","Baptist History","Baptist History Collection","https://archive.org/search?query=%22Trail+of+Blood%22+Carroll","Archive search","Rights and doctrinal review required","Needs Review","Check no duplicate","Needs doctrinal review","Use with discernment","Requested theme fit, but must be labeled and rights-checked before import.","","Do not import until edition and rights are documented."
"Memoir of William Carey","Eustace Carey","Missions","Missions Collection","https://archive.org/search?query=%22Memoir+of+William+Carey%22+Eustace+Carey","Archive search","Needs exact source review","Needs Review","Check existing Carey resources","Reviewed for category only","Historical value","Missions biography candidate.","","Verify exact text source and duplicate status."
"Life of William Carey","George Smith","Missions","Missions Collection","https://www.gutenberg.org/ebooks/search/?query=william+carey+george+smith","Project Gutenberg search","Candidate only; exact ebook required","Needs Review","Check existing Carey resources","Reviewed for category only","Historical value","Useful missions biography if not already represented.","","Choose exact ebook/source and validate."
"Memoirs of the Life and Labours of Robert Morrison","Eliza A. Morrison","Missions","Missions Collection","https://archive.org/search?query=%22Robert+Morrison%22+missionary+memoirs","Archive search","Needs exact source review","Needs Review","Check no duplicate","Reviewed for category only","Historical value","Missions biography candidate.","","Verify edition, source text quality, and rights."
"The Life of David Brainerd","Jonathan Edwards","Missions","Missions Collection","https://www.gutenberg.org/ebooks/search/?query=David+Brainerd","Project Gutenberg search","Candidate only; exact ebook required","Needs Review","Check existing Brainerd resources","Reviewed for category only","Use with discernment","High-value missionary/devotional biography; avoid duplicate edition.","","Audit existing missions shelf, then select exact source."
"Hudson Taylor and the China Inland Mission","Dr. and Mrs. Howard Taylor","Missions","Missions Collection","https://archive.org/search?query=%22Hudson+Taylor+and+the+China+Inland+Mission%22","Archive search","Needs exact source review","Needs Review","Existing Hudson Taylor resources present","Reviewed for category only","Historical value","Useful if rights/source and duplicate status are clean.","","Review edition before candidate import."
"The Life of John Bunyan","Edmund Venables","Biographies","Classics Collection","https://www.gutenberg.org/ebooks/search/?query=John+Bunyan+life","Project Gutenberg search","Candidate only; exact ebook required","Needs Review","Check Bunyan shelf duplicates","Reviewed for category only","Historical value","Biography support for Bunyan collection.","","Pick exact non-duplicate source."
"A History of Preaching","Edwin Charles Dargan","Preaching & Teaching","Preaching Collection","https://archive.org/search?query=%22A+History+of+Preaching%22+Dargan","Archive search","Needs exact source review","Needs Review","Check no duplicate","Reviewed for category only","Historical value","Teaching/preaching background resource.","","Verify source and stage if rights are clear."
"Homiletics and Pastoral Theology","William G. T. Shedd","Preaching & Teaching","Preaching Collection","https://archive.org/search?query=%22Homiletics+and+Pastoral+Theology%22+Shedd","Archive search","Needs exact source review","Needs Review","Check no duplicate","Needs doctrinal review","Use with discernment","Preaching/teaching helps candidate.","","Review doctrinal notes and edition before import."
"The Training of the Twelve","A. B. Bruce","Bible study helps","Teaching Collection","https://archive.org/search?query=%22The+Training+of+the+Twelve%22+Bruce","Archive search","Needs exact source review","Needs Review","Check no duplicate","Needs doctrinal review","Use with discernment","Potential discipleship/teaching resource.","","Verify source and labels before import."
"The Life and Times of Jesus the Messiah","Alfred Edersheim","Bible handbooks","Bible Tools","https://archive.org/search?query=%22Life+and+Times+of+Jesus+the+Messiah%22+Edersheim","Archive search","Needs exact source review","Needs Review","Check no duplicate","Needs doctrinal review","Use with discernment","Background resource; useful but must be labeled carefully.","","Review edition, rights, and category fit."
"Sketches of Jewish Social Life","Alfred Edersheim","Bible handbooks","Bible Tools","https://archive.org/search?query=%22Sketches+of+Jewish+Social+Life%22+Edersheim","Archive search","Needs exact source review","Needs Review","Check no duplicate","Needs doctrinal review","Use with discernment","Bible background resource.","","Verify source and duplicate status."
"Manners and Customs of Bible Lands","Fred H. Wight","Bible handbooks","Bible Tools","https://archive.org/search?query=%22Manners+and+Customs+of+Bible+Lands%22","Archive search","Likely copyrighted modern editions; permission likely needed","Permission Needed","Do not public import","Needs doctrinal review","Use with discernment","Useful but likely not public-domain; track only.","","Do not import publicly without written permission."
"Matthew Poole's Commentary / English Annotations","Matthew Poole","Commentaries","Poole Commentary","https://archive.org/search?query=%22Matthew+Poole%22+commentary","Archive search","Needs exact source and edition review","Needs Review","No Poole import yet","Needs doctrinal review","Use with discernment","Candidate commentary voice only; avoid modern edited copies and unclear sites.","","Find original public-domain source, document edition, and stage one sample chapter."
"The Pulpit Commentary - Isaiah volume","Various","Commentaries","Pulpit Commentary","https://archive.org/search?query=%22Pulpit+Commentary%22+Isaiah","Archive search","Needs exact volume review","Needs Review","No Pulpit import yet","Needs doctrinal review","Use with discernment","Potential teaching comparison for prophetic books; large and verbose.","","Verify exact source and test parser on Isaiah 53 only."
"The Biblical Illustrator - Isaiah volume","Joseph S. Exell and contributors","Commentaries","Biblical Illustrator","https://archive.org/search?query=%22Biblical+Illustrator%22+Isaiah","Archive search","Needs exact volume review","Needs Review","No Biblical Illustrator import yet","Needs doctrinal review","Use with discernment","Potential illustration source for preaching, not primary commentary.","","Verify exact volume and stage a small reviewed sample."
"The Treasury of Scripture Knowledge expansion audit","R. A. Torrey / TSK tradition","Cross References","Bible Tools","https://archive.org/search?query=%22Treasury+of+Scripture+Knowledge%22","Archive search","Needs exact edition review","Needs Review","Check existing TSK samples","Reviewed for category only","Bible study help","High-value cross-reference tool; expand only from clean source data.","","Compare available source structures and import reviewed samples by passage."
"Foxe's Acts and Monuments full edition review","John Foxe","Martyrs / Persecuted Church","Persecuted Church Collection","https://archive.org/search?query=%22Acts+and+Monuments%22+Foxe","Archive search","Needs exact edition review","Needs Review","Foxe's Book of Martyrs already imported","Reviewed for category only","Historical value","Use only if materially different from existing Foxe public-domain text and source is clean.","","Audit existing Foxe card before any expansion."
"Martyrs Mirror edition review","Thieleman J. van Braght","Martyrs / Persecuted Church","Persecuted Church Collection","https://www.gutenberg.org/ebooks/65855","Project Gutenberg ebook","Likely verified via Project Gutenberg if not already imported","Needs Review","Check duplicate against existing verified file","Needs doctrinal review","Use with discernment","Important martyr history resource; confirm existing import and avoid duplicate cards.","","Audit current Library and merge metadata rather than duplicate."
"Baptist History of the English Baptists","Joseph Ivimey","Baptist History","Baptist History Collection","https://archive.org/search?query=%22History+of+the+English+Baptists%22+Ivimey","Archive search","Needs exact source review","Needs Review","Check Baptist history shelf duplicates","Reviewed for category only","Baptist history","Strong Baptist history candidate if edition and source are clean.","","Choose exact volume and stage metadata first."
"A History of the Welsh Baptists","Jonathan Davis","Baptist History","Baptist History Collection","https://archive.org/search?query=%22History+of+the+Welsh+Baptists%22","Archive search","Needs exact source review","Needs Review","Check Baptist history shelf duplicates","Reviewed for category only","Baptist history","Possible Baptist history addition after source review.","","Verify author, edition, and source text quality."
"Which Bible? / modern KJV defense placeholder","Various modern authors","KJV / Textual Issues","KJV Defense Collection","Admin permission tracker only","Planning placeholder","Likely copyrighted modern editions; permission required","Permission Needed","Do not public import","Needs doctrinal review","KJV defense","Track modern KJV-defense resources for possible permission requests, not public import.","","Keep in permission tracker until written rights exist."
"Dean Burgon textual criticism works audit","John William Burgon","KJV / Textual Issues","KJV Defense Collection","https://archive.org/search?query=%22John+William+Burgon%22+textual","Archive search","Needs exact source review","Needs Review","Check existing Burgon/Scrivener resources","Needs doctrinal review","Use with discernment","Potential public-domain textual issue material; review edition and fit carefully.","","Choose exact title and verify before import."
