title,author,source_url,category,collection,rights_status,doctrinal_status,warning_label,recommended_use
History of the English Baptist Missionary Society,F. A. Cox,https://archive.org/download/historyofenglish00coxf/historyofenglish00coxf_djvu.txt,Missions,Baptist Missions,verified public domain,reviewed,Use with discernment; OCR spot-check needed; historical missions history,"Public-domain Baptist missions history for missions teaching, Baptist history, and missionary biography context. Spot-check OCR before quotation."
The Early Baptist History of Portsmouth and the Formation of the Churches in the Town,Frederick Ridoutt,https://archive.org/download/earlybaptisthis00unkngoog/earlybaptisthis00unkngoog_djvu.txt,Baptist History,Baptist History,verified public domain,reviewed,Use with discernment; OCR spot-check needed; local church history,"Public-domain Baptist history resource for church heritage, Baptist identity, and historical study. Spot-check OCR before quotation."
History of the Miami Baptist Association,A. H. Dunlevy,https://archive.org/download/historyofmiamiba00dunl/historyofmiamiba00dunl_djvu.txt,Baptist History,Baptist History,verified public domain,reviewed,Use with discernment; OCR spot-check needed; association history,"Public-domain Baptist association history for Baptist heritage, pastors, and church history study. Spot-check OCR before quotation."
A General History of the Baptist Denomination in America Volume 2,David Benedict,https://archive.org/download/generalhistoryof0002davi/generalhistoryof0002davi_djvu.txt,Baptist History,Baptist History,verified public domain,reviewed,Use with discernment; OCR spot-check needed; historical Baptist source,"Public-domain Baptist history classic for pastors, teachers, and Baptist history readers. Spot-check OCR before quotation."
The Gospel in Central America,Frederick Crowe,https://archive.org/download/gospelincentral00crowgoog/gospelincentral00crowgoog_djvu.txt,Missions,Missions,verified public domain,reviewed,Use with discernment; OCR spot-check needed; missions history,"Public-domain missions and Bible-distribution history for missions lessons, geography, and evangelism context. Spot-check OCR before quotation."
Brief Narrative of the Baptist Mission in India,Baptist Missionary Society,https://archive.org/download/briefnarrativeof00bapt/briefnarrativeof00bapt_djvu.txt,Missions,Baptist Missions,verified public domain,reviewed,Use with discernment; OCR spot-check needed; missions history,"Public-domain Baptist missions report covering India and Scripture translation work. Useful for missions study and historical illustrations."
An Account of the American Baptist Mission to the Burman Empire,Ann Hasseltine Judson,https://archive.org/download/accountofamerica00juds/accountofamerica00juds_djvu.txt,Missions,Missions,verified public domain,reviewed,Use with discernment; OCR spot-check needed; missionary letters,"Public-domain missionary history connected to Adoniram and Ann Judson. Useful for missions biography, courage, suffering, and prayer lessons."
Biography of Elder Lott Cary Late Missionary to Africa,James B. Taylor,https://archive.org/download/biographyofelder00tayl/biographyofelder00tayl_djvu.txt,Biographies,Missions,verified public domain,reviewed,Use with discernment; OCR spot-check needed; missionary biography,"Public-domain biography of Lott Cary for missions, Baptist history, and African mission studies. Spot-check OCR before quotation."
Alfred Saker Missionary to Africa,Edward Bean Underhill,https://archive.org/download/alfredsakermissi00unde/alfredsakermissi00unde_djvu.txt,Biographies,Missions,verified public domain,reviewed,Use with discernment; OCR spot-check needed; missionary biography,"Public-domain missionary biography for missions teaching, sermon illustrations, and perseverance studies. Spot-check OCR before quotation."
The Life and Explorations of Frederick Stanley Arnot,Ernest Baker,https://archive.org/download/lifeexploration00bake/lifeexploration00bake_djvu.txt,Biographies,Missions,verified public domain,reviewed,Use with discernment; OCR spot-check needed; missionary biography,"Public-domain missionary biography for Africa missions, geography, courage, and faithfulness themes. Spot-check OCR before quotation."
Studies of Great Bible Characters,Henry T. Sell,https://archive.org/download/studiesofgreatbi00sell_0/studiesofgreatbi00sell_0_djvu.txt,Bible study helps,Bible Characters,verified public domain,reviewed,Use with discernment; OCR spot-check needed; character studies,"Public-domain Bible character study resource for Sunday School, sermon preparation, and Study Workspace people profiles."
Who's Who in the Bible,Edgar Fletcher-Allen,https://archive.org/download/whoswhoinbibledi00flet/whoswhoinbibledi00flet_djvu.txt,Bible study helps,Bible Characters,verified public domain,reviewed,Use with discernment; OCR spot-check needed; reference work,"Public-domain directory of Bible people for People Explorer, Passage Guide, and Bible Background Center. Spot-check OCR before quotation."
Heroes of the Bible,William Spencer Edwards,https://archive.org/download/heroesbibleorsk00edwagoog/heroesbibleorsk00edwagoog_djvu.txt,Bible study helps,Bible Characters,verified public domain,reviewed,Use with discernment; OCR spot-check needed; character studies,"Public-domain Scripture character sketches for teaching, family lessons, and sermon illustrations. Spot-check OCR before quotation."
Elements of Religious Pedagogy,Fred Lewis Pattee,https://archive.org/download/elementsofreligi00patt/elementsofreligi00patt_djvu.txt,Preaching & Teaching,Sunday School Teaching,verified public domain,reviewed,Use with discernment; OCR spot-check needed; teacher training,"Public-domain teaching-method resource for Sunday School teachers and lesson preparation. Use as historical pedagogy, not as Scripture authority."
Methods with Beginners,Frances Weld Danielson,https://archive.org/download/methodswithbegin01dani/methodswithbegin01dani_djvu.txt,Preaching & Teaching,Sunday School Teaching,verified public domain,reviewed,Use with discernment; OCR spot-check needed; teacher training,"Public-domain Sunday School teacher-training resource for children's ministry and beginner classes. Spot-check OCR before quotation."
A Brief Bible History: A Survey of the Old and New Testaments,James Oscar Boyd and J. Gresham Machen,https://archive.org/download/briefbiblehistor00boyd/briefbiblehistor00boyd_djvu.txt,Bible Survey / Whole Bible / Commentary Helps,Bible Survey,verified public domain,reviewed,Use with discernment; OCR spot-check needed; historical Bible survey,"Public-domain Bible survey useful for new believers, Sunday School, and whole-Bible overview paths. Spot-check OCR before quotation."
Bible Lands Illustrated,H. C. Fish,https://archive.org/download/bible_lands_illustrated_1876-henry_c_fish/bible_lands_illustrated_1876-henry_c_fish_djvu.txt,Bible Handbooks,Bible Geography,verified public domain,reviewed,Use with discernment; OCR spot-check needed; image extraction pending,"Public-domain Bible lands handbook for geography, places, maps, and presentation visuals. Extract images only after rights/source metadata review."
Palestine and the Bible,Samuel Schor,https://archive.org/download/palestinebibleil00schoiala/palestinebibleil00schoiala_djvu.txt,Bible Handbooks,Bible Manners and Customs,verified public domain,reviewed,Use with discernment; OCR spot-check needed; historical customs,"Public-domain Bible lands manners and customs resource for Bible Background Center and Passage Guide. Spot-check OCR before quotation."
Bible Lands: Their Modern Customs and Manners Illustrative of Scripture,Henry J. Van-Lennep,https://archive.org/download/biblelandstheirm0032vanl/biblelandstheirm0032vanl_djvu.txt,Bible Handbooks,Bible Manners and Customs,verified public domain,reviewed,Use with discernment; OCR spot-check needed; historical customs,"Public-domain Bible customs and geography resource for teaching background and place profiles. Spot-check OCR before quotation."
Hand-Book of Bible Manners and Customs,James M. Freeman,https://archive.org/download/handbookofbiblem0000revj_l5d1/handbookofbiblem0000revj_l5d1_djvu.txt,Bible Handbooks,Bible Manners and Customs,verified public domain,reviewed,Use with discernment; OCR spot-check needed; customs reference,"Public-domain Bible manners and customs reference for Passage Guide, Study Workspace, and sermon background notes."
A Treasure of Hymns,Amos R. Wells,https://archive.org/download/treasurehy00well/treasurehy00well_djvu.txt,Preaching & Teaching,Hymns and Poems,verified public domain,reviewed,Use with discernment; OCR spot-check needed; hymn history,"Public-domain hymn-writer and hymn-history resource for worship, sermon illustrations, author profiles, and devotional reading."
Hymn-Writers and Their Hymns,S. W. Christophers,https://archive.org/download/hytheir00chri/hytheir00chri_djvu.txt,Preaching & Teaching,Hymns and Poems,verified public domain,reviewed,Use with discernment; OCR spot-check needed; hymn history,"Public-domain hymn history and hymn-writer reference for quotes, stories, worship background, and teaching."
Sermon Illustrations from the Bible,Keith L. Brooks,https://archive.org/download/sermonillustrati00broorich/sermonillustrati00broorich_djvu.txt,Preaching & Teaching,Sermon Illustrations,verified public domain,reviewed,Use with discernment; OCR spot-check needed; illustration source,"Public-domain sermon illustration source arranged from the Bible. Useful for Sermon Builder and preaching helps after OCR spot-check."
My Sermon Notes: Matthew to Acts,C. H. Spurgeon,https://archive.org/download/mysermonnotes00spuruoft/mysermonnotes00spuruoft_djvu.txt,Preaching & Teaching,Spurgeon Collection,verified public domain,reviewed,Use with discernment; OCR spot-check needed; sermon outlines and illustrations,"Public-domain Spurgeon sermon notes for sermon preparation, outlines, anecdotes, and illustration discovery. Spot-check OCR before quotation."
