priority,target,request_type,recipient_or_route,current_evidence,next_action,send_status,rights_boundary
0,Vance Publications / Laurence M. Vance,Title-level intake under scoped permission,Existing written reply from vancepub@vancepublications.com,Reply received 2026-07-10 granting links cover images short excerpts and back-cover descriptions,Create a title-level theological review queue and preserve source attribution,Permission granted - scoped,"Full text, audio/video, TTS, presentations, paid access, affiliate terms, and resale remain ungranted"
1,Dr. Bo Wagner / Word of His Mouth,Written confirmation after phone coordination,Original thread to 2knowhim@cbc-web.org,Positive response followed by July 7 phone scheduling but no written rights scope,Confirm whether the call occurred and request title-level and use-level written answers,Review required - not sent,"No content use is granted until the reply identifies approved titles and uses"
2,Kregel Publications,Overdue follow-up,Original thread to kregelbooks@kregel.com,Initial request sent 2026-07-03; repository records no reply,Verify the sender mailbox has no reply and send the short prepared follow-up,Mailbox verification required - not sent,"Ask only for the correct title-specific permissions process"
3,Thru the Bible / J. Vernon McGee,Overdue follow-up,Original thread to info@ttb.org,Initial request sent 2026-07-03; repository records no reply,Verify the sender mailbox has no reply and send the short prepared follow-up,Mailbox verification required - not sent,"Text, transcript, audio, embed, hosting, and paid access are separate rights"
4,Christian Focus Publications,Overdue follow-up,Original thread to info@christianfocus.com,Initial request sent 2026-07-03; repository records no reply,Verify the sender mailbox has no reply and send the short prepared follow-up,Mailbox verification required - not sent,"Ask only for the correct title-specific permissions and licensing route"
5,Mark Cahill,Overdue follow-up,Original thread or https://markcahill.org/contact-us/,Initial request sent 2026-07-04; repository records no reply,Verify the sender mailbox has no reply and prepare a short follow-up in the original thread,Mailbox verification required - not sent,"Metadata, cover art, excerpts, text, audio, video, and commercial use require separate answers"
6,Way of Life Literature / David Cloud,Item-level policy confirmation,Official source page plus documented public sharing policy,Public policy allows named free/shareable categories with attribution and source links,Continue item-level review; use a direct follow-up only for a specific broader right,Policy review - no new email queued,"Store items, paid resources, full catalog rights, rehosting, TTS, and paid access are not granted by the public policy"
7,Dr. David H. Sorenson / Northstar,Title-level intake under scoped permission,Existing written permission evidence,Links excerpts and cover graphics granted,Review named titles and preserve attribution/source evidence; ask separately for broader rights,Permission granted - scoped,"Full-text hosting, audio/video hosting, TTS, paid access, resale, and presentation export remain ungranted"
8,Dr. S. M. Davis / Solve Family Problems,Metadata-only intake,Existing written permission evidence,Website titles graphics descriptions attribution and official links granted,Build only metadata/link listings; ask separately for any broader use,Permission granted - metadata only,"No full text, PDFs, broader excerpts, audio, video, transcripts, embedding, hosting, TTS, or resale"
