score,title,author,source_url,category,collection,rights_status,doctrinal_status,warning_label,recommended_use,year,archive_identifier,source_group,downloads
165,"The Biblical illustrator; or, Anecdotes, similes, emblems, illustrations : expository, scientific, georgraphical, historical, and homiletic, gathered from a wide range of home and foreign literature, on the verses of the Bible (biblicalillustra55exel)","Exell, Joseph S. (Joseph Samuel), 1849-; Peachey, T. F",https://archive.org/download/biblicalillustra55exel/biblicalillustra55exel_djvu.txt,Commentaries,Biblical Illustrator,verified public domain,reviewed,Use with discernment;OCR spot-check,Public-domain commentary or homiletical reference for Bible study and teaching preparation. OCR text should be spot-checked before quotation.,1905,biblicalillustra55exel,Biblical Illustrator,1362
135,"Life and works of Rev. Charles H. Spurgeon [microform] : being a graphic account of the greatest preacher of modern times : his boyhood and early life, wonderful success in London, preaching to vast audiences at the Crystal Palace, Surrey Music Hall and in the open air, famous Metropolitan Tabernacle, Pastor's College, orphanage, etc., etc. : containing personal anecdotes, vivid descriptions of his appearance ... : to which is added a vast collection of his eloquent sermons, brilliant writings, and witty sayings","Northrop, Henry Davenport, 1836-1909",https://archive.org/download/cihm_29647/cihm_29647_djvu.txt,Preaching & Teaching,Spurgeon Collection,verified public domain,reviewed,Use with discernment;OCR spot-check,"Public-domain preaching, prayer, revival, or teaching resource for sermon preparation and Christian living. OCR text should be spot-checked before quotation.",1890,cihm_29647,Spurgeon,1161
135,"Life and works of Rev. Charles H. Spurgeon being a graphic account of the greatest preacher of modern time [microform] : his boyhood and early life, wonderful successes in London ... containing personal anecdotes, vivid descriptions of his appearance ... to which is added a vast collection of his eloquent sermons, brilliant writings, and witty sayings","Northrop, Henry Davenport, 1836-1909",https://archive.org/download/cihm_11370/cihm_11370_djvu.txt,Preaching & Teaching,Spurgeon Collection,verified public domain,reviewed,Use with discernment;OCR spot-check,"Public-domain preaching, prayer, revival, or teaching resource for sermon preparation and Christian living. OCR text should be spot-checked before quotation.",1890,cihm_11370,Spurgeon,851
135,Sermons preached and revised by te Rev. C. H. Spurgeon,"Spurgeon, C. H. (Charles Haddon), 1834-1892",https://archive.org/download/sermonspreached01spurgoog/sermonspreached01spurgoog_djvu.txt,Preaching & Teaching,Spurgeon Collection,verified public domain,reviewed,Use with discernment;OCR spot-check,"Public-domain preaching, prayer, revival, or teaching resource for sermon preparation and Christian living. OCR text should be spot-checked before quotation.",1859,sermonspreached01spurgoog,Spurgeon,567
120,"Meditations from the pen of Mrs. Maria W. Stewart, (widow of the late James W. Stewart,) now matron of the Freedmen's Hospital, and presented in 1832 to the First African Baptist Church and Society of Boston, Mass. ..","Stewart, Maria W. Miller, 1863-",https://archive.org/download/meditationsfromp00stew/meditationsfromp00stew_djvu.txt,Baptist History,Baptist History,verified public domain,reviewed,Use with discernment;OCR spot-check,"Public-domain Baptist/history resource for research, teaching context, and historical study. OCR text should be spot-checked before quotation.",1879,meditationsfromp00stew,Baptist History,4433
120,The history of Negro Baptists in Mississippi,"Thompson, Patrick H., 1866-; Woodson, Carter Godwin, 1875-1950, former owner. GEU; Association for the Study of African-American Life and History, former owner. GEU",https://archive.org/download/12642935.22778.emory.edu/12642935.22778.emory.edu_djvu.txt,Baptist History,Baptist History,verified public domain,reviewed,Use with discernment;OCR spot-check,"Public-domain Baptist/history resource for research, teaching context, and historical study. OCR text should be spot-checked before quotation.",1898,12642935.22778.emory.edu,Baptist History,4051
120,"The missionary gazetteer, comprising a geographical and statistical account of the various stations of the church, London, Moravian, Wesleyan, Baptist, and American, missionary societies etc., with their progress in evangelization and civilization","Williams, Charles, 1796-1866",https://archive.org/download/missionarygazet02willgoog/missionarygazet02willgoog_djvu.txt,Baptist History,Baptist History,verified public domain,reviewed,Use with discernment;OCR spot-check,"Public-domain Baptist/history resource for research, teaching context, and historical study. OCR text should be spot-checked before quotation.",1828,missionarygazet02willgoog,Baptist History,2792
120,"The lone star, the history of the Telugu mission of the American Baptist Missionary Union [microform]","Downie, David, 1838-1927",https://archive.org/download/cihm_05915/cihm_05915_djvu.txt,Baptist History,Baptist History,verified public domain,reviewed,Use with discernment;OCR spot-check,"Public-domain Baptist/history resource for research, teaching context, and historical study. OCR text should be spot-checked before quotation.",1893,cihm_05915,Baptist History,2217
120,"A general history of the Sabbatarian churches; embracing accounts of the Armenian, East Indian, and Abyssinian episcopacies in Asia and Africa, the Waldenses, Semi-Judaisers, and Sabbatarian Anabaptists of Europe; with the Seventh-day Baptist denominaton in the United States","Davis, Tamar, Mrs",https://archive.org/download/generalhistoryof00davi/generalhistoryof00davi_djvu.txt,Baptist History,Baptist History,verified public domain,reviewed,Use with discernment;OCR spot-check,"Public-domain Baptist/history resource for research, teaching context, and historical study. OCR text should be spot-checked before quotation.",1851,generalhistoryof00davi,Baptist History,2171
120,"The missionary gazetteer [microform] : comprising a geographical and statistical account of the various stations of the church, London, Moravian, Wesleyan, Baptist, and American, missionary societies, &c. & c. &c. with their progress in evangelization and civilization","Williams, Charles, 1796-1866",https://archive.org/download/cihm_48036/cihm_48036_djvu.txt,Baptist History,Baptist History,verified public domain,reviewed,Use with discernment;OCR spot-check,"Public-domain Baptist/history resource for research, teaching context, and historical study. OCR text should be spot-checked before quotation.",1828,cihm_48036,Baptist History,2165
120,"The story of a 100 years, 1820-1920 : being the history of the Baptist Church in South Africa","Batts, H. J",https://archive.org/download/storyof100years100batt/storyof100years100batt_djvu.txt,Baptist History,Baptist History,verified public domain,reviewed,Use with discernment;OCR spot-check,"Public-domain Baptist/history resource for research, teaching context, and historical study. OCR text should be spot-checked before quotation.",1922,storyof100years100batt,Baptist History,2164
120,The Preacher's complete homiletical commentary : (on an original plan). (preacherscomplet16newy),Various,https://archive.org/download/preacherscomplet16newy/preacherscomplet16newy_djvu.txt,Commentaries,Preacher's Homiletical Commentary,verified public domain,reviewed,Use with discernment;OCR spot-check,Public-domain commentary or homiletical reference for Bible study and teaching preparation. OCR text should be spot-checked before quotation.,1892,preacherscomplet16newy,Preacher Homiletical,1340
120,The Preacher's complete homiletical commentary : (on an original plan). (preacherscomplet19newy),Various,https://archive.org/download/preacherscomplet19newy/preacherscomplet19newy_djvu.txt,Commentaries,Preacher's Homiletical Commentary,verified public domain,reviewed,Use with discernment;OCR spot-check,Public-domain commentary or homiletical reference for Bible study and teaching preparation. OCR text should be spot-checked before quotation.,1892,preacherscomplet19newy,Preacher Homiletical,1335
120,The Preacher's complete homiletical commentary : (on an original plan). (preacherscomplet05newy),Various,https://archive.org/download/preacherscomplet05newy/preacherscomplet05newy_djvu.txt,Commentaries,Preacher's Homiletical Commentary,verified public domain,reviewed,Use with discernment;OCR spot-check,Public-domain commentary or homiletical reference for Bible study and teaching preparation. OCR text should be spot-checked before quotation.,1892,preacherscomplet05newy,Preacher Homiletical,1276
120,The Preacher's complete homiletical commentary : (on an original plan). (preacherscomplet04newy),Various,https://archive.org/download/preacherscomplet04newy/preacherscomplet04newy_djvu.txt,Commentaries,Preacher's Homiletical Commentary,verified public domain,reviewed,Use with discernment;OCR spot-check,Public-domain commentary or homiletical reference for Bible study and teaching preparation. OCR text should be spot-checked before quotation.,1892,preacherscomplet04newy,Preacher Homiletical,1267
120,The Preacher's complete homiletical commentary : (on an original plan). (preacherscomplet17newy),Various,https://archive.org/download/preacherscomplet17newy/preacherscomplet17newy_djvu.txt,Commentaries,Preacher's Homiletical Commentary,verified public domain,reviewed,Use with discernment;OCR spot-check,Public-domain commentary or homiletical reference for Bible study and teaching preparation. OCR text should be spot-checked before quotation.,1892,preacherscomplet17newy,Preacher Homiletical,1216
120,The Preacher's complete homiletical commentary : (on an original plan). (preacherscomplet21newy),Various,https://archive.org/download/preacherscomplet21newy/preacherscomplet21newy_djvu.txt,Commentaries,Preacher's Homiletical Commentary,verified public domain,reviewed,Use with discernment;OCR spot-check,Public-domain commentary or homiletical reference for Bible study and teaching preparation. OCR text should be spot-checked before quotation.,1892,preacherscomplet21newy,Preacher Homiletical,1178
120,The pulpit commentary (cu31924101105041),"Spence-Jones, H. D. M. (Henry Donald Maurice), 1836-1917",https://archive.org/download/cu31924101105041/cu31924101105041_djvu.txt,Commentaries,Pulpit Commentary,verified public domain,reviewed,Use with discernment;OCR spot-check,Public-domain commentary or homiletical reference for Bible study and teaching preparation. OCR text should be spot-checked before quotation.,1890,cu31924101105041,Pulpit Commentary,1144
120,The Preacher's complete homiletical commentary on the Old Testament : (on an original plan) (preacherscomple00unkngoog),Various,https://archive.org/download/preacherscomple00unkngoog/preacherscomple00unkngoog_djvu.txt,Commentaries,Preacher's Homiletical Commentary,verified public domain,reviewed,Use with discernment;OCR spot-check,Public-domain commentary or homiletical reference for Bible study and teaching preparation. OCR text should be spot-checked before quotation.,1892,preacherscomple00unkngoog,Preacher Homiletical,1117
120,The Preacher's complete homiletical commentary : (on an original plan). (preacherscomplet18newy),Various,https://archive.org/download/preacherscomplet18newy/preacherscomplet18newy_djvu.txt,Commentaries,Preacher's Homiletical Commentary,verified public domain,reviewed,Use with discernment;OCR spot-check,Public-domain commentary or homiletical reference for Bible study and teaching preparation. OCR text should be spot-checked before quotation.,1892,preacherscomplet18newy,Preacher Homiletical,1095
120,The Preacher's complete homiletical commentary on the Bible (preacherscomplet0027unse),Various,https://archive.org/download/preacherscomplet0027unse/preacherscomplet0027unse_djvu.txt,Commentaries,Preacher's Homiletical Commentary,verified public domain,reviewed,Use with discernment;OCR spot-check,Public-domain commentary or homiletical reference for Bible study and teaching preparation. OCR text should be spot-checked before quotation.,1892,preacherscomplet0027unse,Preacher Homiletical,757
120,The pulpit commentary (pulpitcommentar00unkngoog),"Spence-Jones, Henry Donald Maurice, Dean of Gloucester, formerly Spence",https://archive.org/download/pulpitcommentar00unkngoog/pulpitcommentar00unkngoog_djvu.txt,Commentaries,Pulpit Commentary,verified public domain,reviewed,Use with discernment;OCR spot-check,Public-domain commentary or homiletical reference for Bible study and teaching preparation. OCR text should be spot-checked before quotation.,1880,pulpitcommentar00unkngoog,Pulpit Commentary,705
120,The Pulpit Commentary (1897) (in.ernet.dli.2015.1256),Spence Very Rev. H. D. M.,https://archive.org/download/in.ernet.dli.2015.1256/in.ernet.dli.2015.1256_djvu.txt,Commentaries,Pulpit Commentary,verified public domain,reviewed,Use with discernment;OCR spot-check,Public-domain commentary or homiletical reference for Bible study and teaching preparation. OCR text should be spot-checked before quotation.,1897,in.ernet.dli.2015.1256,Pulpit Commentary,641
120,The pulpit commentary (pulpitcommentar03unkngoog),"Spence-Jones, Henry Donald Maurice, Dean of Gloucester, formerly Spence",https://archive.org/download/pulpitcommentar03unkngoog/pulpitcommentar03unkngoog_djvu.txt,Commentaries,Pulpit Commentary,verified public domain,reviewed,Use with discernment;OCR spot-check,Public-domain commentary or homiletical reference for Bible study and teaching preparation. OCR text should be spot-checked before quotation.,1880,pulpitcommentar03unkngoog,Pulpit Commentary,422
120,The Pulpit Commentary (1897) (in.ernet.dli.2015.236846),Spence Very Rev. H. D. M.,https://archive.org/download/in.ernet.dli.2015.236846/in.ernet.dli.2015.236846_djvu.txt,Commentaries,Pulpit Commentary,verified public domain,reviewed,Use with discernment;OCR spot-check,Public-domain commentary or homiletical reference for Bible study and teaching preparation. OCR text should be spot-checked before quotation.,1897,in.ernet.dli.2015.236846,Pulpit Commentary,410
120,The Preacher's complete homiletical commentary on the Bible (preacherscomplet0000unse),Various,https://archive.org/download/preacherscomplet0000unse/preacherscomplet0000unse_djvu.txt,Commentaries,Preacher's Homiletical Commentary,verified public domain,reviewed,Use with discernment;OCR spot-check,Public-domain commentary or homiletical reference for Bible study and teaching preparation. OCR text should be spot-checked before quotation.,1892,preacherscomplet0000unse,Preacher Homiletical,353
120,The Preacher's complete homiletical commentary on the Bible (preacherscomplet0017unse),Various,https://archive.org/download/preacherscomplet0017unse/preacherscomplet0017unse_djvu.txt,Commentaries,Preacher's Homiletical Commentary,verified public domain,reviewed,Use with discernment;OCR spot-check,Public-domain commentary or homiletical reference for Bible study and teaching preparation. OCR text should be spot-checked before quotation.,1892,preacherscomplet0017unse,Preacher Homiletical,283
120,The Preacher's complete homiletical commentary on the Bible (preacherscomplet0000unse_p8e6),Various,https://archive.org/download/preacherscomplet0000unse_p8e6/preacherscomplet0000unse_p8e6_djvu.txt,Commentaries,Preacher's Homiletical Commentary,verified public domain,reviewed,Use with discernment;OCR spot-check,Public-domain commentary or homiletical reference for Bible study and teaching preparation. OCR text should be spot-checked before quotation.,1892,preacherscomplet0000unse_p8e6,Preacher Homiletical,256
120,The Preacher's complete homiletical commentary on the Bible (preacherscomplet0000unse_d2p5),Various,https://archive.org/download/preacherscomplet0000unse_d2p5/preacherscomplet0000unse_d2p5_djvu.txt,Commentaries,Preacher's Homiletical Commentary,verified public domain,reviewed,Use with discernment;OCR spot-check,Public-domain commentary or homiletical reference for Bible study and teaching preparation. OCR text should be spot-checked before quotation.,1892,preacherscomplet0000unse_d2p5,Preacher Homiletical,252
120,The Preacher's complete homiletical commentary on the Bible (preacherscomplet0007unse),Various,https://archive.org/download/preacherscomplet0007unse/preacherscomplet0007unse_djvu.txt,Commentaries,Preacher's Homiletical Commentary,verified public domain,reviewed,Use with discernment;OCR spot-check,Public-domain commentary or homiletical reference for Bible study and teaching preparation. OCR text should be spot-checked before quotation.,1892,preacherscomplet0007unse,Preacher Homiletical,238
120,The Preacher's complete homiletical commentary on the Bible (preacherscomplet0028unse),Various,https://archive.org/download/preacherscomplet0028unse/preacherscomplet0028unse_djvu.txt,Commentaries,Preacher's Homiletical Commentary,verified public domain,reviewed,Use with discernment;OCR spot-check,Public-domain commentary or homiletical reference for Bible study and teaching preparation. OCR text should be spot-checked before quotation.,1892,preacherscomplet0028unse,Preacher Homiletical,236
120,The Preacher's complete homiletical commentary on the Bible (preacherscomplet0025unse),Various,https://archive.org/download/preacherscomplet0025unse/preacherscomplet0025unse_djvu.txt,Commentaries,Preacher's Homiletical Commentary,verified public domain,reviewed,Use with discernment;OCR spot-check,Public-domain commentary or homiletical reference for Bible study and teaching preparation. OCR text should be spot-checked before quotation.,1892,preacherscomplet0025unse,Preacher Homiletical,232
120,The Preacher's complete homiletical commentary on the Bible (preacherscomplet0000unse_n6o2),Various,https://archive.org/download/preacherscomplet0000unse_n6o2/preacherscomplet0000unse_n6o2_djvu.txt,Commentaries,Preacher's Homiletical Commentary,verified public domain,reviewed,Use with discernment;OCR spot-check,Public-domain commentary or homiletical reference for Bible study and teaching preparation. OCR text should be spot-checked before quotation.,1892,preacherscomplet0000unse_n6o2,Preacher Homiletical,229
120,The Preacher's complete homiletical commentary on the Bible (preacherscomplet0000unse_m6k7),Various,https://archive.org/download/preacherscomplet0000unse_m6k7/preacherscomplet0000unse_m6k7_djvu.txt,Commentaries,Preacher's Homiletical Commentary,verified public domain,reviewed,Use with discernment;OCR spot-check,Public-domain commentary or homiletical reference for Bible study and teaching preparation. OCR text should be spot-checked before quotation.,1892,preacherscomplet0000unse_m6k7,Preacher Homiletical,227
120,The Preacher's complete homiletical commentary on the Bible (preacherscomplet0001unse),Various,https://archive.org/download/preacherscomplet0001unse/preacherscomplet0001unse_djvu.txt,Commentaries,Preacher's Homiletical Commentary,verified public domain,reviewed,Use with discernment;OCR spot-check,Public-domain commentary or homiletical reference for Bible study and teaching preparation. OCR text should be spot-checked before quotation.,1892,preacherscomplet0001unse,Preacher Homiletical,225
120,The Preacher's complete homiletical commentary on the Bible (preacherscomplet0003unse),Various,https://archive.org/download/preacherscomplet0003unse/preacherscomplet0003unse_djvu.txt,Commentaries,Preacher's Homiletical Commentary,verified public domain,reviewed,Use with discernment;OCR spot-check,Public-domain commentary or homiletical reference for Bible study and teaching preparation. OCR text should be spot-checked before quotation.,1892,preacherscomplet0003unse,Preacher Homiletical,215
120,The Preacher's complete homiletical commentary on the Bible (preacherscomplet0000unse_f2q2),Various,https://archive.org/download/preacherscomplet0000unse_f2q2/preacherscomplet0000unse_f2q2_djvu.txt,Commentaries,Preacher's Homiletical Commentary,verified public domain,reviewed,Use with discernment;OCR spot-check,Public-domain commentary or homiletical reference for Bible study and teaching preparation. OCR text should be spot-checked before quotation.,1892,preacherscomplet0000unse_f2q2,Preacher Homiletical,208
120,The Preacher's complete homiletical commentary on the Bible (preacherscomplet0002unse_k5l1),Various,https://archive.org/download/preacherscomplet0002unse_k5l1/preacherscomplet0002unse_k5l1_djvu.txt,Commentaries,Preacher's Homiletical Commentary,verified public domain,reviewed,Use with discernment;OCR spot-check,Public-domain commentary or homiletical reference for Bible study and teaching preparation. OCR text should be spot-checked before quotation.,1892,preacherscomplet0002unse_k5l1,Preacher Homiletical,202
120,The Preacher's complete homiletical commentary on the Bible (preacherscomplet0030unse),Various,https://archive.org/download/preacherscomplet0030unse/preacherscomplet0030unse_djvu.txt,Commentaries,Preacher's Homiletical Commentary,verified public domain,reviewed,Use with discernment;OCR spot-check,Public-domain commentary or homiletical reference for Bible study and teaching preparation. OCR text should be spot-checked before quotation.,1892,preacherscomplet0030unse,Preacher Homiletical,201
120,The Preacher's complete homiletical commentary on the Bible (preacherscomplet0001unse_a6f3),Various,https://archive.org/download/preacherscomplet0001unse_a6f3/preacherscomplet0001unse_a6f3_djvu.txt,Commentaries,Preacher's Homiletical Commentary,verified public domain,reviewed,Use with discernment;OCR spot-check,Public-domain commentary or homiletical reference for Bible study and teaching preparation. OCR text should be spot-checked before quotation.,1892,preacherscomplet0001unse_a6f3,Preacher Homiletical,200
120,The Preacher's complete homiletical commentary on the Bible (preacherscomplet0000unse_b9a0),Various,https://archive.org/download/preacherscomplet0000unse_b9a0/preacherscomplet0000unse_b9a0_djvu.txt,Commentaries,Preacher's Homiletical Commentary,verified public domain,reviewed,Use with discernment;OCR spot-check,Public-domain commentary or homiletical reference for Bible study and teaching preparation. OCR text should be spot-checked before quotation.,1892,preacherscomplet0000unse_b9a0,Preacher Homiletical,197
120,The Preacher's complete homiletical commentary on the Bible (preacherscomplet0004unse_g8o8),Various,https://archive.org/download/preacherscomplet0004unse_g8o8/preacherscomplet0004unse_g8o8_djvu.txt,Commentaries,Preacher's Homiletical Commentary,verified public domain,reviewed,Use with discernment;OCR spot-check,Public-domain commentary or homiletical reference for Bible study and teaching preparation. OCR text should be spot-checked before quotation.,1892,preacherscomplet0004unse_g8o8,Preacher Homiletical,197
120,THE PULPIT COMMENTARY: JEREMIAH & LAMENTATIONS (pulpitcommentary0011jose),Joseph S (editors) Spence H D M & Excell,https://archive.org/download/pulpitcommentary0011jose/pulpitcommentary0011jose_djvu.txt,Commentaries,Pulpit Commentary,verified public domain,reviewed,Use with discernment;OCR spot-check,Public-domain commentary or homiletical reference for Bible study and teaching preparation. OCR text should be spot-checked before quotation.,1906,pulpitcommentary0011jose,Pulpit Commentary,196
120,The Preacher's complete homiletical commentary on the Bible (preacherscomplet0001unse_j9h0),Various,https://archive.org/download/preacherscomplet0001unse_j9h0/preacherscomplet0001unse_j9h0_djvu.txt,Commentaries,Preacher's Homiletical Commentary,verified public domain,reviewed,Use with discernment;OCR spot-check,Public-domain commentary or homiletical reference for Bible study and teaching preparation. OCR text should be spot-checked before quotation.,1892,preacherscomplet0001unse_j9h0,Preacher Homiletical,187
120,The Preacher's complete homiletical commentary on the Bible (preacherscomplet0014unse),Various,https://archive.org/download/preacherscomplet0014unse/preacherscomplet0014unse_djvu.txt,Commentaries,Preacher's Homiletical Commentary,verified public domain,reviewed,Use with discernment;OCR spot-check,Public-domain commentary or homiletical reference for Bible study and teaching preparation. OCR text should be spot-checked before quotation.,1892,preacherscomplet0014unse,Preacher Homiletical,187
120,The Preacher's complete homiletical commentary on the Bible (preacherscomplet0002unse),Various,https://archive.org/download/preacherscomplet0002unse/preacherscomplet0002unse_djvu.txt,Commentaries,Preacher's Homiletical Commentary,verified public domain,reviewed,Use with discernment;OCR spot-check,Public-domain commentary or homiletical reference for Bible study and teaching preparation. OCR text should be spot-checked before quotation.,1892,preacherscomplet0002unse,Preacher Homiletical,176
120,The Preacher's complete homiletical commentary on the Bible (preacherscomplet0013unse),Various,https://archive.org/download/preacherscomplet0013unse/preacherscomplet0013unse_djvu.txt,Commentaries,Preacher's Homiletical Commentary,verified public domain,reviewed,Use with discernment;OCR spot-check,Public-domain commentary or homiletical reference for Bible study and teaching preparation. OCR text should be spot-checked before quotation.,1892,preacherscomplet0013unse,Preacher Homiletical,172
120,The Preacher's complete homiletical commentary on the Bible (preacherscomplet0026unse),Various,https://archive.org/download/preacherscomplet0026unse/preacherscomplet0026unse_djvu.txt,Commentaries,Preacher's Homiletical Commentary,verified public domain,reviewed,Use with discernment;OCR spot-check,Public-domain commentary or homiletical reference for Bible study and teaching preparation. OCR text should be spot-checked before quotation.,1892,preacherscomplet0026unse,Preacher Homiletical,171
120,The Preacher's complete homiletical commentary on the Bible (preacherscomplet0005unse_c6m2),Various,https://archive.org/download/preacherscomplet0005unse_c6m2/preacherscomplet0005unse_c6m2_djvu.txt,Commentaries,Preacher's Homiletical Commentary,verified public domain,reviewed,Use with discernment;OCR spot-check,Public-domain commentary or homiletical reference for Bible study and teaching preparation. OCR text should be spot-checked before quotation.,1892,preacherscomplet0005unse_c6m2,Preacher Homiletical,170
120,The Preacher's complete homiletical commentary on the Bible (preacherscomplet0000unse_s2b1),Various,https://archive.org/download/preacherscomplet0000unse_s2b1/preacherscomplet0000unse_s2b1_djvu.txt,Commentaries,Preacher's Homiletical Commentary,verified public domain,reviewed,Use with discernment;OCR spot-check,Public-domain commentary or homiletical reference for Bible study and teaching preparation. OCR text should be spot-checked before quotation.,1892,preacherscomplet0000unse_s2b1,Preacher Homiletical,169
120,The Preacher's complete homiletical commentary on the Bible (preacherscomplet0012unse),Various,https://archive.org/download/preacherscomplet0012unse/preacherscomplet0012unse_djvu.txt,Commentaries,Preacher's Homiletical Commentary,verified public domain,reviewed,Use with discernment;OCR spot-check,Public-domain commentary or homiletical reference for Bible study and teaching preparation. OCR text should be spot-checked before quotation.,1892,preacherscomplet0012unse,Preacher Homiletical,167
120,The Preacher's complete homiletical commentary on the Bible (preacherscomplet0009unse),Various,https://archive.org/download/preacherscomplet0009unse/preacherscomplet0009unse_djvu.txt,Commentaries,Preacher's Homiletical Commentary,verified public domain,reviewed,Use with discernment;OCR spot-check,Public-domain commentary or homiletical reference for Bible study and teaching preparation. OCR text should be spot-checked before quotation.,1892,preacherscomplet0009unse,Preacher Homiletical,166
120,The Preacher's complete homiletical commentary on the Bible (preacherscomplet0031unse),Various,https://archive.org/download/preacherscomplet0031unse/preacherscomplet0031unse_djvu.txt,Commentaries,Preacher's Homiletical Commentary,verified public domain,reviewed,Use with discernment;OCR spot-check,Public-domain commentary or homiletical reference for Bible study and teaching preparation. OCR text should be spot-checked before quotation.,1892,preacherscomplet0031unse,Preacher Homiletical,161
120,"The Pulpit Commentary 36, St. Mark Vol. II (The Pulpit Commentary) (pulpitcommentary0002revh)","Rev. H. D. M. Spence, D.D., Rev. Joseph S. Exell, M.A.",https://archive.org/download/pulpitcommentary0002revh/pulpitcommentary0002revh_djvu.txt,Commentaries,Pulpit Commentary,verified public domain,reviewed,Use with discernment;OCR spot-check,Public-domain commentary or homiletical reference for Bible study and teaching preparation. OCR text should be spot-checked before quotation.,1913,pulpitcommentary0002revh,Pulpit Commentary,148
120,"The Preacher's Complete Homiletical Commentary on the Old Testament With Critical and Explanatory Notes, Indices: Chronicles, Ez (preacherscomplet0000jame)","James Wolfendale, William Jones, W. H. Booth, J. H. Goodman, S. Gregory",https://archive.org/download/preacherscomplet0000jame/preacherscomplet0000jame_djvu.txt,Commentaries,Preacher's Homiletical Commentary,verified public domain,reviewed,Use with discernment;OCR spot-check,Public-domain commentary or homiletical reference for Bible study and teaching preparation. OCR text should be spot-checked before quotation.,1892,preacherscomplet0000jame,Preacher Homiletical,102
120,"The Pulpit Commentary, Isaiah, Volume I (pulpitcommentary0001edit)",Edited By the Very Rev. H.D.M. Spence & By the Rev,https://archive.org/download/pulpitcommentary0001edit/pulpitcommentary0001edit_djvu.txt,Commentaries,Pulpit Commentary,verified public domain,reviewed,Use with discernment;OCR spot-check,Public-domain commentary or homiletical reference for Bible study and teaching preparation. OCR text should be spot-checked before quotation.,1913,pulpitcommentary0001edit,Pulpit Commentary,90
120,AN INDEX TO THE PREACHER'S COMPLETE HOMILETICAL COMMENTARY ON THE NEW TESTAMENT,Various,https://archive.org/download/indextopreachers0000unse_o3x3/indextopreachers0000unse_o3x3_djvu.txt,Commentaries,Preacher's Homiletical Commentary,verified public domain,reviewed,Use with discernment;OCR spot-check,Public-domain commentary or homiletical reference for Bible study and teaching preparation. OCR text should be spot-checked before quotation.,1896,indextopreachers0000unse_o3x3,Preacher Homiletical,74
120,"The Pulpit Commentary 38, St. Luke Vol. II (The Pulpit Commentary) (pulpitcommentary0000revh_y2l7)","Rev. H. D. M. Spence, D.D., Rev. Joseph S. Exell, M.A.",https://archive.org/download/pulpitcommentary0000revh_y2l7/pulpitcommentary0000revh_y2l7_djvu.txt,Commentaries,Pulpit Commentary,verified public domain,reviewed,Use with discernment;OCR spot-check,Public-domain commentary or homiletical reference for Bible study and teaching preparation. OCR text should be spot-checked before quotation.,1913,pulpitcommentary0000revh_y2l7,Pulpit Commentary,71
120,The Pulpit Commentary: Ecclesiastes (pulpitcommentary0000jose),Joseph S. Exell H. D. M. Spence,https://archive.org/download/pulpitcommentary0000jose/pulpitcommentary0000jose_djvu.txt,Commentaries,Pulpit Commentary,verified public domain,reviewed,Use with discernment;OCR spot-check,Public-domain commentary or homiletical reference for Bible study and teaching preparation. OCR text should be spot-checked before quotation.,1913,pulpitcommentary0000jose,Pulpit Commentary,69
115,Catechism on Modernism according to the encyclical 'Pascendi dominici gregis' of his Holiness Pius X,"Lemius, Jean Baptiste, 1851-1938; Fitzpatrick, John, 1859-1929",https://archive.org/download/catechismonmoder00lemiuoft/catechismonmoder00lemiuoft_djvu.txt,Baptist History,Baptist History,verified public domain,reviewed,Use with discernment;OCR spot-check,"Public-domain Baptist/history resource for research, teaching context, and historical study. OCR text should be spot-checked before quotation.",1908,catechismonmoder00lemiuoft,Prayer Revival,10402
95,"History of Randolph County, Indiana with illustrations and biographical sketches of some of its prominent men and pioneers : to which are appended maps of its several townships","Tucker, Ebenezer",https://archive.org/download/historyofrandolp00tuck/historyofrandolp00tuck_djvu.txt,Missions,Preaching and Teaching Helps,verified public domain,reviewed,Use with discernment;OCR spot-check,Public-domain missions biography or missions-history resource for devotional reading and teaching illustrations. OCR text should be spot-checked before quotation.,1882,historyofrandolp00tuck,Preaching Teaching,20368
95,"Tree and serpent worship, or, Illustrations of mythology and art in India in the first and fourth centuries after Christ : from the sculptures of the Buddhist topes at Sanchi and Amravati","Fergusson, James, 1808-1886; Waterhouse, James S., 1842-1922, photographer; Griggs, William, 1832-1911, lithographer, photographer; Great Britain. India Office; W.H. Allen & Co., publisher; Eyre & Spottiswoode, printer",https://archive.org/download/gri_33125010818173/gri_33125010818173_djvu.txt,Missions,Preaching and Teaching Helps,verified public domain,reviewed,Use with discernment;OCR spot-check,Public-domain missions biography or missions-history resource for devotional reading and teaching illustrations. OCR text should be spot-checked before quotation.,1868,gri_33125010818173,Preaching Teaching,14263
90,"Life and labors of Charles H. Spurgeon: the faithful preacher, the devoted pastor, the noble philanthropist, the beloved college president, and the voluminous writer, author, etc., etc.","Needham, Geo. C. (George Carter)",https://archive.org/download/lifelaborsofchar00inneed/lifelaborsofchar00inneed_djvu.txt,Prayer,Spurgeon Collection,verified public domain,reviewed,Use with discernment;OCR spot-check,"Public-domain preaching, prayer, revival, or teaching resource for sermon preparation and Christian living. OCR text should be spot-checked before quotation.",1884,lifelaborsofchar00inneed,Spurgeon,4065
90,"Spurgeon family; being an account of the descent and family of Charles Haddon Spurgeon, with notes on the family in general, particularly the Essex branch, from 1465 (5 Edward IV) to 1905 (4 Edward VII)","Higgs, William Miller",https://archive.org/download/spurgeonfamilybe00higg/spurgeonfamilybe00higg_djvu.txt,Preaching & Teaching,Spurgeon Collection,verified public domain,reviewed,Use with discernment;OCR spot-check,"Public-domain preaching, prayer, revival, or teaching resource for sermon preparation and Christian living. OCR text should be spot-checked before quotation.",1906,spurgeonfamilybe00higg,Spurgeon,3860
90,"Life of Charles Haddon Spurgeon, the world's great preacher","Conwell, Russell Herman, 1843-1925",https://archive.org/download/lifeofcharleshad00conw/lifeofcharleshad00conw_djvu.txt,Preaching & Teaching,Spurgeon Collection,verified public domain,reviewed,Use with discernment;OCR spot-check,"Public-domain preaching, prayer, revival, or teaching resource for sermon preparation and Christian living. OCR text should be spot-checked before quotation.",1892,lifeofcharleshad00conw,Spurgeon,2908
90,The life of Charles Haddon Spurgeon,"Ray, Charles",https://archive.org/download/lifeofcharleshad00rayciala/lifeofcharleshad00rayciala_djvu.txt,Preaching & Teaching,Spurgeon Collection,verified public domain,reviewed,Use with discernment;OCR spot-check,"Public-domain preaching, prayer, revival, or teaching resource for sermon preparation and Christian living. OCR text should be spot-checked before quotation.",1903,lifeofcharleshad00rayciala,Spurgeon,2766
90,"Women who have worked and won : the life-story of Mrs. Spurgeon, Mrs. Booth-Tucker, F.R. Havergal, and Ramabai","Chappell, Jennie; Spurgeon, Susannah, d. 1903; Havergal, Frances Ridley, 1836-1879; Ramabai Sarasvati, Pundita, 1858-1922; Booth-Tucker, Emma Moss, 1860-1903",https://archive.org/download/womenwhohavework00chapuoft/womenwhohavework00chapuoft_djvu.txt,Preaching & Teaching,Spurgeon Collection,verified public domain,reviewed,Use with discernment;OCR spot-check,"Public-domain preaching, prayer, revival, or teaching resource for sermon preparation and Christian living. OCR text should be spot-checked before quotation.",1900,womenwhohavework00chapuoft,Spurgeon,2042
90,The life and labors of Charles H. Spurgeon ..,"Needham, George Carter, Rev; Gordon, A. J. (Adoniram Judson), 1836-1895",https://archive.org/download/lifelaborsofchar00need/lifelaborsofchar00need_djvu.txt,Preaching & Teaching,Spurgeon Collection,verified public domain,reviewed,Use with discernment;OCR spot-check,"Public-domain preaching, prayer, revival, or teaching resource for sermon preparation and Christian living. OCR text should be spot-checked before quotation.",1887,lifelaborsofchar00need,Spurgeon,1995
90,Charles Haddon Spurgeon,"Ellis, James J. (James Joseph)",https://archive.org/download/charleshaddonspu00elli/charleshaddonspu00elli_djvu.txt,Preaching & Teaching,Spurgeon Collection,verified public domain,reviewed,Use with discernment;OCR spot-check,"Public-domain preaching, prayer, revival, or teaching resource for sermon preparation and Christian living. OCR text should be spot-checked before quotation.",1890,charleshaddonspu00elli,Spurgeon,1687
90,"The life and labors of Charles H. Spurgeon : the faithful preacher, the devoted pastor, the noble philanthropist, the beloved college president, and the voluminous writer, author, etc., etc.","Needham, George Carter, 1840-1902",https://archive.org/download/thelifeandlabors00needuoft/thelifeandlabors00needuoft_djvu.txt,Prayer,Spurgeon Collection,verified public domain,reviewed,Use with discernment;OCR spot-check,"Public-domain preaching, prayer, revival, or teaching resource for sermon preparation and Christian living. OCR text should be spot-checked before quotation.",1882,thelifeandlabors00needuoft,Spurgeon,1509
90,From the usher's desk to the tabernacle pulpit; the life and labors of Charles Haddon Spurgeon,"Shindler, Robert",https://archive.org/download/fromushersdeskto00shin/fromushersdeskto00shin_djvu.txt,Commentaries,Spurgeon Collection,verified public domain,reviewed,Use with discernment;OCR spot-check,Public-domain commentary or homiletical reference for Bible study and teaching preparation. OCR text should be spot-checked before quotation.,1892,fromushersdeskto00shin,Spurgeon,1471
90,"Charles H. Spurgeon, our ally [microform] / by Justin D. Fulton","Fulton, Justin D. (Justin Dewey), 1828-1901",https://archive.org/download/cihm_13153/cihm_13153_djvu.txt,Preaching & Teaching,Spurgeon Collection,verified public domain,reviewed,Use with discernment;OCR spot-check,"Public-domain preaching, prayer, revival, or teaching resource for sermon preparation and Christian living. OCR text should be spot-checked before quotation.",1893,cihm_13153,Spurgeon,1387
90,"Charles Haddon Spurgeon, preacher, author, philanthropist; with anecdotal reminiscences. Introd. by William Cleaver Wilkinson and concluding chapters by James C. Fernald","Pike, G. Holden (Godfrey Holden), 1836-; Fernald, James Champlin, 1838-1918",https://archive.org/download/charleshaddonspu00pike/charleshaddonspu00pike_djvu.txt,Preaching & Teaching,Spurgeon Collection,verified public domain,reviewed,Use with discernment;OCR spot-check,"Public-domain preaching, prayer, revival, or teaching resource for sermon preparation and Christian living. OCR text should be spot-checked before quotation.",1892,charleshaddonspu00pike,Spurgeon,1289
90,Life of Charles Haddon Spurgeon : the world's great preacher,"Conwell, Russell Herman, 1843-1925",https://archive.org/download/cu31924029453184/cu31924029453184_djvu.txt,Preaching & Teaching,Spurgeon Collection,verified public domain,reviewed,Use with discernment;OCR spot-check,"Public-domain preaching, prayer, revival, or teaching resource for sermon preparation and Christian living. OCR text should be spot-checked before quotation.",1892,cu31924029453184,Spurgeon,1215
90,"The life and labors of Charles H. Spurgeon, the faithful preacher, the devoted pastor, the noble philanthropist, the beloved college president, and the voluminous writer, author, etc., etc","Needham, Geo. C. (George Carter), 1840-1902",https://archive.org/download/lifelaborsofch00need/lifelaborsofch00need_djvu.txt,Prayer,Spurgeon Collection,verified public domain,reviewed,Use with discernment;OCR spot-check,"Public-domain preaching, prayer, revival, or teaching resource for sermon preparation and Christian living. OCR text should be spot-checked before quotation.",1883,lifelaborsofch00need,Spurgeon,1187
90,"Women who have worked and won : the life-story of Mrs. Spurgeon, Mrs. Booth-Tucker, F.R. Havergal, and Ramabai","Chappell, Jennie, 1857-",https://archive.org/download/womenwhohavework00chap/womenwhohavework00chap_djvu.txt,Preaching & Teaching,Spurgeon Collection,verified public domain,reviewed,Use with discernment;OCR spot-check,"Public-domain preaching, prayer, revival, or teaching resource for sermon preparation and Christian living. OCR text should be spot-checked before quotation.",1904,womenwhohavework00chap,Spurgeon,1176
90,C H Spurgeon A Biography,W. Y. Fullerton,https://archive.org/download/in.ernet.dli.2015.168833/in.ernet.dli.2015.168833_djvu.txt,Preaching & Teaching,Spurgeon Collection,verified public domain,reviewed,Use with discernment;OCR spot-check,"Public-domain preaching, prayer, revival, or teaching resource for sermon preparation and Christian living. OCR text should be spot-checked before quotation.",1920,in.ernet.dli.2015.168833,Spurgeon,1169
90,"The autobiography of Charles H. Spurgeon : compiled from his diary, letters and records, by his wife and his private secretary",Various,https://archive.org/download/autobiographyspu00unknuoft/autobiographyspu00unknuoft_djvu.txt,Preaching & Teaching,Spurgeon Collection,verified public domain,reviewed,Use with discernment;OCR spot-check,"Public-domain preaching, prayer, revival, or teaching resource for sermon preparation and Christian living. OCR text should be spot-checked before quotation.",1898,autobiographyspu00unknuoft,Spurgeon,1073
90,"Spurgeon's gold : new selections from the works of C. H. Spurgeon, pastor of the Metropolitan Tabernacle, London, England","Spurgeon, C. H. (Charles Haddon), 1834-1892; Swem, Edmond Hez",https://archive.org/download/spurgeonsgoldnew00spur/spurgeonsgoldnew00spur_djvu.txt,Preaching & Teaching,Spurgeon Collection,verified public domain,reviewed,Use with discernment;OCR spot-check,"Public-domain preaching, prayer, revival, or teaching resource for sermon preparation and Christian living. OCR text should be spot-checked before quotation.",1888,spurgeonsgoldnew00spur,Spurgeon,951
90,Charles Haddon Spurgeon,"Burley, A. Cunningham",https://archive.org/download/charleshaddonspu00burl/charleshaddonspu00burl_djvu.txt,Preaching & Teaching,Spurgeon Collection,verified public domain,reviewed,Use with discernment;OCR spot-check,"Public-domain preaching, prayer, revival, or teaching resource for sermon preparation and Christian living. OCR text should be spot-checked before quotation.",1800,charleshaddonspu00burl,Spurgeon,857
90,Life of Charles Haddon Spurgeon : the world's great preacher,"Conwell, Russell H., 1843-1925",https://archive.org/download/lifecharleshadd00conwgoog/lifecharleshadd00conwgoog_djvu.txt,Preaching & Teaching,Spurgeon Collection,verified public domain,reviewed,Use with discernment;OCR spot-check,"Public-domain preaching, prayer, revival, or teaching resource for sermon preparation and Christian living. OCR text should be spot-checked before quotation.",1892,lifecharleshadd00conwgoog,Spurgeon,835
90,C. H. Spurgeon autobiography,"Spurgeon, C. H. (Charles Haddon), 1834-1892; Spurgeon, Susannah, d. 1903, ed; Harrald, W. J., ed",https://archive.org/download/chspurgeonautobi02spur/chspurgeonautobi02spur_djvu.txt,Preaching & Teaching,Spurgeon Collection,verified public domain,reviewed,Use with discernment;OCR spot-check,"Public-domain preaching, prayer, revival, or teaching resource for sermon preparation and Christian living. OCR text should be spot-checked before quotation.",1900,chspurgeonautobi02spur,Spurgeon,816
90,"Charles Haddon Spurgeon : preacher, author, and philanthropist : with anecdotal reminiscences","Pike, G. Holden (Godfrey Holden), 1836-",https://archive.org/download/charleshaddonspu1886pike/charleshaddonspu1886pike_djvu.txt,Preaching & Teaching,Spurgeon Collection,verified public domain,reviewed,Use with discernment;OCR spot-check,"Public-domain preaching, prayer, revival, or teaching resource for sermon preparation and Christian living. OCR text should be spot-checked before quotation.",1886,charleshaddonspu1886pike,Spurgeon,789
90,"The Essex lad who became England's greatest preacher. The life of Charles Haddon Spurgeon, for young people","Smith, Joseph Manton; American Tract Society",https://archive.org/download/essexladwhobecam00smit/essexladwhobecam00smit_djvu.txt,Preaching & Teaching,Spurgeon Collection,verified public domain,reviewed,Use with discernment;OCR spot-check,"Public-domain preaching, prayer, revival, or teaching resource for sermon preparation and Christian living. OCR text should be spot-checked before quotation.",1892,essexladwhobecam00smit,Spurgeon,775
90,The letters of Charles Haddon Spurgeon,"Spurgeon, C. H. (Charles Haddon), 1834-1892",https://archive.org/download/lettersofcharles00spur/lettersofcharles00spur_djvu.txt,Preaching & Teaching,Spurgeon Collection,verified public domain,reviewed,Use with discernment;OCR spot-check,"Public-domain preaching, prayer, revival, or teaching resource for sermon preparation and Christian living. OCR text should be spot-checked before quotation.",1923,lettersofcharles00spur,Spurgeon,756
90,The life and labors of Charles H. Spurgeon ..,"Needham, George Carter, Rev",https://archive.org/download/lifeandlaborsch00gordgoog/lifeandlaborsch00gordgoog_djvu.txt,Preaching & Teaching,Spurgeon Collection,verified public domain,reviewed,Use with discernment;OCR spot-check,"Public-domain preaching, prayer, revival, or teaching resource for sermon preparation and Christian living. OCR text should be spot-checked before quotation.",1887,lifeandlaborsch00gordgoog,Spurgeon,743
90,Spirit philosophy of Robert G. Ingersoll and Rev. Charles Haddon Spurgeon : together with post-mortem reveries of Jack Carpenter,"Ingersoll, Robert Green, 1833-1899 (Spirit); Spurgeon, C. H. (Charles Haddon), 1834-1892 (Spirit); Carpenter, Jack, 19th cent. (Spirit); Kroll, Robert C; Scientific Seance Circle (St. Louis, Mo.); Harry Houdini Collection (Library of Congress) DLC",https://archive.org/download/spiritphilosophy00inge/spiritphilosophy00inge_djvu.txt,Preaching & Teaching,Spurgeon Collection,verified public domain,reviewed,Use with discernment;OCR spot-check,"Public-domain preaching, prayer, revival, or teaching resource for sermon preparation and Christian living. OCR text should be spot-checked before quotation.",1919,spiritphilosophy00inge,Spurgeon,693
90,"Sketch of the life and ministry of the Rev. C.H. Spurgeon : from original documents : including anecdotes and incidents of travel, biographical notices of former pastors, historical sketch of Park Street Chapel, and an outline of Mr. Spurgeon's articles of faith","Stevenson, George J. (George John), 1818-1888",https://archive.org/download/sketchoflifemini00stev/sketchoflifemini00stev_djvu.txt,Prayer,Spurgeon Collection,verified public domain,reviewed,Use with discernment;OCR spot-check,"Public-domain preaching, prayer, revival, or teaching resource for sermon preparation and Christian living. OCR text should be spot-checked before quotation.",1857,sketchoflifemini00stev,Spurgeon,626
90,"Poems and prose, with a short autobiography, also anecdotes of and personal interviews with the late Rev. C.H. Spurgeon and others","Gwyer, Joseph A",https://archive.org/download/poemsprosewithsh00gwye/poemsprosewithsh00gwye_djvu.txt,Preaching & Teaching,Spurgeon Collection,verified public domain,reviewed,Use with discernment;OCR spot-check,"Public-domain preaching, prayer, revival, or teaching resource for sermon preparation and Christian living. OCR text should be spot-checked before quotation.",1895,poemsprosewithsh00gwye,Spurgeon,590
90,"Charles Haddon Spurgeon, preacher, author, and philanthropist [microform] : with anecdotal reminiscences","Pike, G. Holden (Godfrey Holden), b. 1836",https://archive.org/download/cihm_54515/cihm_54515_djvu.txt,Preaching & Teaching,Spurgeon Collection,verified public domain,reviewed,Use with discernment;OCR spot-check,"Public-domain preaching, prayer, revival, or teaching resource for sermon preparation and Christian living. OCR text should be spot-checked before quotation.",1886,cihm_54515,Spurgeon,544
90,"CH Spurgeon, The Treasury Of David In One Volume",Digitized by Liz-Ridolfo & Indexed by Valiant Sons Ministry,https://archive.org/download/ch-spurgeon-the-treasury-of-david-in-one-volume_202011/ch-spurgeon-the-treasury-of-david-in-one-volume_202011_djvu.txt,Preaching & Teaching,Spurgeon Collection,verified public domain,reviewed,Use with discernment;OCR spot-check,"Public-domain preaching, prayer, revival, or teaching resource for sermon preparation and Christian living. OCR text should be spot-checked before quotation.",1885,ch-spurgeon-the-treasury-of-david-in-one-volume_202011,Spurgeon,535
90,"The way of life; marked out by C.H. Spurgeon, John McNeill, J. Wilbur Chapman, D.L. Moody, T. DeWitt Talmage","Spurgeon, C. H. (Charles Haddon), 1834-1892; McNeill, John; Chapman, J. Wilbur (John Wilbur), 1859-1918; Moody, Dwight Lyman, 1837-1899; Talmage, T. De Witt (Thomas De Witt), 1832-1902",https://archive.org/download/wayoflifemarkedo00spur/wayoflifemarkedo00spur_djvu.txt,Preaching & Teaching,Spurgeon Collection,verified public domain,reviewed,Use with discernment;OCR spot-check,"Public-domain preaching, prayer, revival, or teaching resource for sermon preparation and Christian living. OCR text should be spot-checked before quotation.",1895,wayoflifemarkedo00spur,Spurgeon,461
90,Sketch of the life and ministry of Rev. C. H. Spurgeon. From original documents,"Stevenson, George J. (George John), 1818-1888",https://archive.org/download/sketchoflifemin00stev/sketchoflifemin00stev_djvu.txt,Preaching & Teaching,Spurgeon Collection,verified public domain,reviewed,Use with discernment;OCR spot-check,"Public-domain preaching, prayer, revival, or teaching resource for sermon preparation and Christian living. OCR text should be spot-checked before quotation.",1858,sketchoflifemin00stev,Spurgeon,437
90,"The Christian at work [microform] : evangelical always! sectarian never! Talmage, editor ; Spurgeon, Bonar .","Talmage, editor ; Spurgeon, Bonar ...",https://archive.org/download/cihm_37361/cihm_37361_djvu.txt,Preaching & Teaching,Spurgeon Collection,verified public domain,reviewed,Use with discernment;OCR spot-check,"Public-domain preaching, prayer, revival, or teaching resource for sermon preparation and Christian living. OCR text should be spot-checked before quotation.",1870,cihm_37361,Spurgeon,365
90,"The Machine-Gun. Its Drill, Signals, and Control [2nd Edition 1915, British Army]",H. A. Ironside (Henry Allan),https://archive.org/download/machinegundrillsignalscontrolironside/machinegundrillsignalscontrolironside_djvu.txt,Preaching & Teaching,Ironside Collection,verified public domain,reviewed,Use with discernment;OCR spot-check,"Public-domain preaching, prayer, revival, or teaching resource for sermon preparation and Christian living. OCR text should be spot-checked before quotation.",1915,machinegundrillsignalscontrolironside,Ironside,86
90,Lectures on the Book of REvelation,"H. A. Ironside, Litt.d.",https://archive.org/download/lecturesonbookof0000hair_v6a5/lecturesonbookof0000hair_v6a5_djvu.txt,Preaching & Teaching,Ironside Collection,verified public domain,reviewed,Use with discernment;OCR spot-check,"Public-domain preaching, prayer, revival, or teaching resource for sermon preparation and Christian living. OCR text should be spot-checked before quotation.",1920,lecturesonbookof0000hair_v6a5,Ironside,63
90,The Gospel of Matthew: An Exposition (Volume I),A. C. Gaebelein,https://archive.org/download/bwb_P9-BVJ-779_1/bwb_P9-BVJ-779_1_djvu.txt,Commentaries,Gaebelein Collection,verified public domain,reviewed,Use with discernment;OCR spot-check,Public-domain commentary or homiletical reference for Bible study and teaching preparation. OCR text should be spot-checked before quotation.,1910,bwb_P9-BVJ-779_1,Gaebelein,57
90,The Jewish Question,A. C. Gaebelein,https://archive.org/download/jewishquestion0000acga_r5c8/jewishquestion0000acga_r5c8_djvu.txt,Preaching & Teaching,Gaebelein Collection,verified public domain,reviewed,Use with discernment;OCR spot-check,"Public-domain preaching, prayer, revival, or teaching resource for sermon preparation and Christian living. OCR text should be spot-checked before quotation.",1912,jewishquestion0000acga_r5c8,Gaebelein,57
90,THe Book of Exodus and Leviticus,B. H. Carroll,https://archive.org/download/bookofexoduslevi0000bhca/bookofexoduslevi0000bhca_djvu.txt,Commentaries,B. H. Carroll Collection,verified public domain,reviewed,Use with discernment;OCR spot-check,Public-domain commentary or homiletical reference for Bible study and teaching preparation. OCR text should be spot-checked before quotation.,1913,bookofexoduslevi0000bhca,B H Carroll,29
90,"Carroll, B. H. - Historical Collections Of South Carolina v01 [only] (Harper, 1836)",B. H. Carroll,https://archive.org/download/carroll-b.-h.-historical-collections-of-south-carolina-v-01-only-harper-1836/carroll-b.-h.-historical-collections-of-south-carolina-v-01-only-harper-1836_djvu.txt,Commentaries,B. H. Carroll Collection,verified public domain,reviewed,Use with discernment;OCR spot-check,Public-domain commentary or homiletical reference for Bible study and teaching preparation. OCR text should be spot-checked before quotation.,1836,carroll-b.-h.-historical-collections-of-south-carolina-v-01-only-harper-1836,B H Carroll,27
80,"Beowulf, ed. with textual foot-notes, index of proper names, and alphabetical glossary","Wyatt, A. J. (Alfred John), b. 1858, ed",https://archive.org/download/beowulfedwithte00wyatgoog/beowulfedwithte00wyatgoog_djvu.txt,KJV / Textual Issues,KJV / English Bible History,verified public domain,reviewed,Use with discernment;OCR spot-check,Public-domain English Bible history or textual study resource. Use with discernment and document source context.,1894,beowulfedwithte00wyatgoog,KJV English Bible,20218
80,King James Bible Printable Format (PDF),King James Version,https://archive.org/download/kjvtextbible/kjvtextbible_djvu.txt,KJV / Textual Issues,KJV / English Bible History,verified public domain,reviewed,Use with discernment;OCR spot-check,Public-domain English Bible history or textual study resource. Use with discernment and document source context.,1769,kjvtextbible,KJV English Bible,10138
80,"The complete poetical works of Samuel Taylor Coleridge, including poems and versions of poems now published for the first time, ed. with textual and bibliographical notes","Coleridge, Samuel Taylor, 1772-1834; Coleridge, Ernest Hartley, 1846-1920; Wordsworth Collection",https://archive.org/download/cu31924102776576/cu31924102776576_djvu.txt,KJV / Textual Issues,KJV / English Bible History,verified public domain,reviewed,Use with discernment;OCR spot-check,Public-domain English Bible history or textual study resource. Use with discernment and document source context.,1912,cu31924102776576,KJV English Bible,9819
80,KJV 1611 - The Authorized King James Bible,Various,https://archive.org/download/1611-the-authorized-king-james-bible_202007/1611-the-authorized-king-james-bible_202007_djvu.txt,KJV / Textual Issues,KJV / English Bible History,verified public domain,reviewed,Use with discernment;OCR spot-check,Public-domain English Bible history or textual study resource. Use with discernment and document source context.,1611,1611-the-authorized-king-james-bible_202007,KJV English Bible,7935
80,Introduction to the textual criticism of the Greek New Testament,"Nestle, Eberhard, 1851-1913; Edie, William; Menzies, Allan, 1845-1916",https://archive.org/download/introductiontote00nestrich/introductiontote00nestrich_djvu.txt,KJV / Textual Issues,KJV / English Bible History,verified public domain,reviewed,Use with discernment;OCR spot-check,Public-domain English Bible history or textual study resource. Use with discernment and document source context.,1901,introductiontote00nestrich,KJV English Bible,7855
80,Contributions to the textual criticism of the Divina commedia,"Moore, Edward, 1835-1916; Dante Alighieri, 1265-1321",https://archive.org/download/contributionstot00mooriala/contributionstot00mooriala_djvu.txt,KJV / Textual Issues,KJV / English Bible History,verified public domain,reviewed,Use with discernment;OCR spot-check,Public-domain English Bible history or textual study resource. Use with discernment and document source context.,1889,contributionstot00mooriala,KJV English Bible,7483
80,"Contributions to the textual criticism of the Divina commedia, including the complete collation throughout the Inferno of all the mss. at Oxford and Cambridge","Moore, Edward, 1835-1916; Dante Alighieri, 1265-1321. Inferno",https://archive.org/download/contributionsto00moorgoog/contributionsto00moorgoog_djvu.txt,KJV / Textual Issues,KJV / English Bible History,verified public domain,reviewed,Use with discernment;OCR spot-check,Public-domain English Bible history or textual study resource. Use with discernment and document source context.,1889,contributionsto00moorgoog,KJV English Bible,7473
80,"The Promises of Our Lord to St. Margaret Mary : a textual, theological and pastoral study","Alacoque, Marguerite Marie, Saint, 1647-1690; Wenish, Paul",https://archive.org/download/promisesofourlor00unknuoft/promisesofourlor00unknuoft_djvu.txt,KJV / Textual Issues,KJV / English Bible History,verified public domain,reviewed,Use with discernment;OCR spot-check,Public-domain English Bible history or textual study resource. Use with discernment and document source context.,1920,promisesofourlor00unknuoft,KJV English Bible,6034
80,Introduction to the textual criticism of the Greek New Testament,"Nestle, Eberhard, 1851-1913",https://archive.org/download/cu31924091353510/cu31924091353510_djvu.txt,KJV / Textual Issues,KJV / English Bible History,verified public domain,reviewed,Use with discernment;OCR spot-check,Public-domain English Bible history or textual study resource. Use with discernment and document source context.,1901,cu31924091353510,KJV English Bible,5839
80,"A synopsis of criticisms : upon those passages of the Old Testament, in which modern commentators have differed from the Authorized version; together with an explanation of various difficulties in the Hebrew and English texts","Barrett, Richard A. F",https://archive.org/download/synopsisofcritic0101barr/synopsisofcritic0101barr_djvu.txt,KJV / Textual Issues,KJV / English Bible History,verified public domain,reviewed,Use with discernment;OCR spot-check,Public-domain English Bible history or textual study resource. Use with discernment and document source context.,1847,synopsisofcritic0101barr,KJV English Bible,5594
80,"The Holy Bible, according to the authorized version, A.D. 1611 : with an explanatory and critical commentary and a revision of the translation by clergy of the Anglican Church. Apocrypha","Wace, Henry, 1836-1924; Cook, F. C. (Frederic Charles), 1810-1889",https://archive.org/download/holybibleaccordi01waceuoft/holybibleaccordi01waceuoft_djvu.txt,Commentaries,KJV / English Bible History,verified public domain,reviewed,Use with discernment;OCR spot-check,Public-domain commentary or homiletical reference for Bible study and teaching preparation. OCR text should be spot-checked before quotation.,1888,holybibleaccordi01waceuoft,KJV English Bible,5422
80,"Beowulf; ed. with textual foot-notes, index of proper names, and alphabetical glossary, by A.J. Wyatt","Wyatt, A. J. (Alfred John), b. 1858",https://archive.org/download/cu31924013339258/cu31924013339258_djvu.txt,KJV / Textual Issues,KJV / English Bible History,verified public domain,reviewed,Use with discernment;OCR spot-check,Public-domain English Bible history or textual study resource. Use with discernment and document source context.,1898,cu31924013339258,KJV English Bible,5207
80,1611 King James Bible,Various,https://archive.org/download/kjv_20200115/kjv_20200115_djvu.txt,KJV / Textual Issues,KJV / English Bible History,verified public domain,reviewed,Use with discernment;OCR spot-check,Public-domain English Bible history or textual study resource. Use with discernment and document source context.,1611,kjv_20200115,KJV English Bible,5156
80,"William Tyndale, a biography : a contribution to the early history of the English Bible","Demaus, R. (Robert), 1829?-1874; Lovett, Richard, 1851-1904, ed",https://archive.org/download/williamtyndalebi00dema/williamtyndalebi00dema_djvu.txt,KJV / Textual Issues,KJV / English Bible History,verified public domain,reviewed,Use with discernment;OCR spot-check,Public-domain English Bible history or textual study resource. Use with discernment and document source context.,1886,williamtyndalebi00dema,KJV English Bible,5063
80,The authorized edition of the English Bible (1611) : its subsequent reprints and modern representatives,"Scrivener, Frederick Henry Ambrose, 1813-1891",https://archive.org/download/authorizedbible00scriuoft/authorizedbible00scriuoft_djvu.txt,KJV / Textual Issues,KJV / English Bible History,verified public domain,reviewed,Use with discernment;OCR spot-check,Public-domain English Bible history or textual study resource. Use with discernment and document source context.,1884,authorizedbible00scriuoft,KJV English Bible,4931
80,Hebraisms in the authorized version of the Bible,"Rosenau, William, 1865-1943",https://archive.org/download/hebraismsinautho00roserich/hebraismsinautho00roserich_djvu.txt,KJV / Textual Issues,KJV / English Bible History,verified public domain,reviewed,Use with discernment;OCR spot-check,Public-domain English Bible history or textual study resource. Use with discernment and document source context.,1902,hebraismsinautho00roserich,KJV English Bible,4912
80,"Original notes on the Book of Proverbs, according to the authorized version","Malan, Solomon Caesar, 1812-1894",https://archive.org/download/originalnotesonb01malauoft/originalnotesonb01malauoft_djvu.txt,KJV / Textual Issues,KJV / English Bible History,verified public domain,reviewed,Use with discernment;OCR spot-check,Public-domain English Bible history or textual study resource. Use with discernment and document source context.,1889,originalnotesonb01malauoft,KJV English Bible,4762
80,"The English Bible: an external and critical history of the various English translations of Scripture, with remarks on the need of revising the English New Testament","Eadie, John, 1810-1876",https://archive.org/download/englishbibleexte01eadi/englishbibleexte01eadi_djvu.txt,KJV / Textual Issues,KJV / English Bible History,verified public domain,reviewed,Use with discernment;OCR spot-check,Public-domain English Bible history or textual study resource. Use with discernment and document source context.,1876,englishbibleexte01eadi,KJV English Bible,4509
80,"The Holy Bible, an exact reprint page for page of the Authorized Version published in the year 1611",Various,https://archive.org/download/holybibleexactre00oxfouoft/holybibleexactre00oxfouoft_djvu.txt,KJV / Textual Issues,KJV / English Bible History,verified public domain,reviewed,Use with discernment;OCR spot-check,Public-domain English Bible history or textual study resource. Use with discernment and document source context.,1833,holybibleexactre00oxfouoft,KJV English Bible,4369
80,"Biblia cabalistica; or, The cabalistic Bible, showing how the various numerical cabalas have been curiously applied to the Holy Scriptures, with numerous textual examples ranging from Genesis to the Apocalypse, and collected from books of the greatest rarity, for the most part not in the British Museum or any public library in Great Britain. With introduction, appendix of curios and bibliography","Begley, Walter, 1845-1905",https://archive.org/download/bibliacabalistic00begluoft/bibliacabalistic00begluoft_djvu.txt,KJV / Textual Issues,KJV / English Bible History,verified public domain,reviewed,Use with discernment;OCR spot-check,Public-domain English Bible history or textual study resource. Use with discernment and document source context.,1903,bibliacabalistic00begluoft,KJV English Bible,4113
80,Original notes on the Book of Proverbs : according to the Authorized version,"Malan, Solomon Caesar, 1812-1894",https://archive.org/download/cu31924096046333/cu31924096046333_djvu.txt,KJV / Textual Issues,KJV / English Bible History,verified public domain,reviewed,Use with discernment;OCR spot-check,Public-domain English Bible history or textual study resource. Use with discernment and document source context.,1889,cu31924096046333,KJV English Bible,3989
80,The Bible word-book : a glossary of old English Bible words,"Eastwood, J. (Jonathan), 1823-1864",https://archive.org/download/biblewordbookag00wriggoog/biblewordbookag00wriggoog_djvu.txt,KJV / Textual Issues,KJV / English Bible History,verified public domain,reviewed,Use with discernment;OCR spot-check,Public-domain English Bible history or textual study resource. Use with discernment and document source context.,1866,biblewordbookag00wriggoog,KJV English Bible,3876
80,"He Kaine diatheke = The New Testament : consisting of the Greek text of Scholz, with the readings, both textual and marginal, of Griesbach; and the variations of the editions of Stephens, 1550; Beza, 1598; and the Elzevir, 1663, with the English Authorised Version, and its marginal renderings","Scholz, Karl William Henry, 1887-1962",https://archive.org/download/hekainediatheken00scho/hekainediatheken00scho_djvu.txt,KJV / Textual Issues,KJV / English Bible History,verified public domain,reviewed,Use with discernment;OCR spot-check,Public-domain English Bible history or textual study resource. Use with discernment and document source context.,1870,hekainediatheken00scho,KJV English Bible,3744
80,"Ko te Paipera Tapu : ara, ko te Kawenata Tawhito me te Kawenata Hou : ta Kingi Hemi Whakamanatanga = the Holy Bible : containing the Old and New Testaments : Authorised King James Version","Barlow, Cleve",https://archive.org/download/kotepaiperatapua00barl/kotepaiperatapua00barl_djvu.txt,KJV / Textual Issues,KJV / English Bible History,verified public domain,reviewed,Use with discernment;OCR spot-check,Public-domain English Bible history or textual study resource. Use with discernment and document source context.,1868,kotepaiperatapua00barl,KJV English Bible,3716
80,Complete poetical works. Including poems and versions of poems now published for the first time. Edited with textual and bibliographical notes by Ernest Hartley Coleridge,"Coleridge, Samuel Taylor, 1772-1834; Coleridge, Ernest Hartley, 1846-1920",https://archive.org/download/completepoetical01coleuoft/completepoetical01coleuoft_djvu.txt,KJV / Textual Issues,KJV / English Bible History,verified public domain,reviewed,Use with discernment;OCR spot-check,Public-domain English Bible history or textual study resource. Use with discernment and document source context.,1912,completepoetical01coleuoft,KJV English Bible,3587
80,"The English Bible : an external and critical history of the various English translations of Scripture, with remarks on the need of revising the English New Testament","Eadie, John, 1810-1876",https://archive.org/download/theenglishbiblea02eadiuoft/theenglishbiblea02eadiuoft_djvu.txt,KJV / Textual Issues,KJV / English Bible History,verified public domain,reviewed,Use with discernment;OCR spot-check,Public-domain English Bible history or textual study resource. Use with discernment and document source context.,1876,theenglishbiblea02eadiuoft,KJV English Bible,3498
80,"The history of the English Bible: extending from earliest Saxon translations to the present Anglo-American revision, with special reference to the Protestant religion and the English language","Condit, Blackford, 1829-1903",https://archive.org/download/cu31924029271919/cu31924029271919_djvu.txt,KJV / Textual Issues,KJV / English Bible History,verified public domain,reviewed,Use with discernment;OCR spot-check,Public-domain English Bible history or textual study resource. Use with discernment and document source context.,1882,cu31924029271919,KJV English Bible,3436
80,The causes of the corruption of the traditional text of the Holy Gospels; being the sequel to the traditional text of the Holy Gospels,"Burgon, John William, 1813-1888; Miller, Edward, 1825-1901",https://archive.org/download/causesofcorrupti00burgiala/causesofcorrupti00burgiala_djvu.txt,KJV / Textual Issues,KJV / English Bible History,verified public domain,reviewed,Use with discernment;OCR spot-check,Public-domain English Bible history or textual study resource. Use with discernment and document source context.,1896,causesofcorrupti00burgiala,KJV English Bible,3402
80,"The interlinear Bible : the authorized version and the revised version, together with the marginal notes of both versions, and central reference",Royal College of Physicians of London,https://archive.org/download/b2265026x/b2265026x_djvu.txt,KJV / Textual Issues,KJV / English Bible History,verified public domain,reviewed,Use with discernment;OCR spot-check,Public-domain English Bible history or textual study resource. Use with discernment and document source context.,1906,b2265026x,KJV English Bible,3227
65,The Pilgrim's Progress,"Bunyan, John",https://www.gutenberg.org/ebooks/21171,Christian Living,Bunyan Collection,verified public domain,reviewed,Use with discernment,"Project Gutenberg public-domain Christian classic or ministry resource for reading, study, and teaching preparation.",,pg-21171,Project Gutenberg curated top-up,2816
65,Pilgerreise zur seligen Ewigkeit,"Bunyan, John",https://www.gutenberg.org/ebooks/70845,Christian Living,Bunyan Collection,verified public domain,reviewed,Use with discernment,"Project Gutenberg public-domain Christian classic or ministry resource for reading, study, and teaching preparation.",,pg-70845,Project Gutenberg curated top-up,592
65,"De Heilige Oorlog, gevoerd door Koning Elschaddai tegen Diábolus","Bunyan, John",https://www.gutenberg.org/ebooks/56282,Christian Living,Bunyan Collection,verified public domain,reviewed,Use with discernment,"Project Gutenberg public-domain Christian classic or ministry resource for reading, study, and teaching preparation.",,pg-56282,Project Gutenberg curated top-up,367
65,Kristityn vaellus: Tästä maailmasta siihen kun tuleva on,"Bunyan, John",https://www.gutenberg.org/ebooks/51157,Christian Living,Bunyan Collection,verified public domain,reviewed,Use with discernment,"Project Gutenberg public-domain Christian classic or ministry resource for reading, study, and teaching preparation.",,pg-51157,Project Gutenberg curated top-up,285
65,Lone Pine: The Story of a Lost Mine,"Townshend, R. B. (Richard Baxter)",https://www.gutenberg.org/ebooks/42268,Christian Living,Richard Baxter Collection,verified public domain,reviewed,Use with discernment,"Project Gutenberg public-domain Christian classic or ministry resource for reading, study, and teaching preparation.",,pg-42268,Project Gutenberg curated top-up,494
65,"Gunpowder Treason and Plot, and Other Stories for Boys","Avery, Harold; Townshend, R. B. (Richard Baxter); Whishaw, Frederick",https://www.gutenberg.org/ebooks/36341,Christian Living,Richard Baxter Collection,verified public domain,reviewed,Use with discernment,"Project Gutenberg public-domain Christian classic or ministry resource for reading, study, and teaching preparation.",,pg-36341,Project Gutenberg curated top-up,472
65,The Eagle's eye,"Cooper, Courtney Ryley; Flynn, William J. (William James)",https://www.gutenberg.org/ebooks/70527,Christian Living,Ryle Collection,verified public domain,reviewed,Use with discernment,"Project Gutenberg public-domain Christian classic or ministry resource for reading, study, and teaching preparation.",,pg-70527,Project Gutenberg curated top-up,473
65,Anthropology and the Classics: Six Lectures Delivered Before the University of Oxford,"Lang, Andrew; Murray, Gilbert; Fowler, W. Warde (William Warde); Jevons, F. B. (Frank Byron); Evans, Arthur, Sir; Myres, John Linton, Sir",https://www.gutenberg.org/ebooks/53646,Prayer,Andrew Murray Collection,verified public domain,reviewed,Use with discernment,"Project Gutenberg public-domain Christian classic or ministry resource for reading, study, and teaching preparation.",,pg-53646,Project Gutenberg curated top-up,611
65,August First,"Andrews, Mary Raymond Shipman; Murray, Roy Irving",https://www.gutenberg.org/ebooks/18529,Prayer,Andrew Murray Collection,verified public domain,reviewed,Use with discernment,"Project Gutenberg public-domain Christian classic or ministry resource for reading, study, and teaching preparation.",,pg-18529,Project Gutenberg curated top-up,399
