priority,type,title,author,source_url,source_platform,content_kind,existing_library_match,rights_status,doctrinal_status,next_action,notes
1,Book,Why I Preach the Second Coming,Isaac Massey Haldeman,https://www.gutenberg.org/ebooks/30573,Project Gutenberg,Text,Not found in current title-author check,Public domain in USA - verify before import,Needs Review,Add to next small import batch after review,Project Gutenberg lists public-domain USA status; review dispensational/prophecy notes before public display.
2,Audio,How to Pray,R. A. Torrey,https://librivox.org/how-to-pray-by-reuben-archer-torrey/,LibriVox,Audiobook,Existing text likely present or closely matched,Public domain in USA - verify item metadata,Reviewed-compatible candidate,Attach listen option to existing work if matched,Do not create duplicate book card; preserve LibriVox and Archive metadata.
3,Audio,With Christ in the School of Prayer,Andrew Murray,https://librivox.org/with-christ-in-the-school-of-prayer-by-andrew-murray/,LibriVox,Audiobook,Found in existing library check,Public domain in USA - verify item metadata,Reviewed-compatible candidate,Attach listen option to existing work,Large enough to test R2 audio storage after smaller pilots.
4,Audio,Around the Wicket Gate,C. H. Spurgeon,https://librivox.org/around-the-wicket-gate-by-charles-h-spurgeon/,LibriVox,Audiobook,Found in existing library check,Public domain in USA - verify item metadata,Reviewed-compatible candidate,Attach listen option to existing work,Good short gospel audiobook pilot.
5,Audio,C. H. Spurgeon's Prayers,C. H. Spurgeon,https://librivox.org/prayers-by-charles-h-spurgeon/,LibriVox,Audiobook,Found in existing library check,Public domain in USA - verify item metadata,Reviewed-compatible candidate,Attach to Prayer and Spurgeon collection,Use as prayer listening path candidate.
6,Audio,Practical Religion,J. C. Ryle,https://librivox.org/practical-religion-by-j-c-ryle/,LibriVox,Audiobook,Found in existing library check,Public domain in USA - verify item metadata,Reviewed-compatible candidate,Attach listen option after smaller pilots,Large 19-hour work; better after audio resume and chapter navigation are verified.
7,Audio,Old Paths,J. C. Ryle,https://librivox.org/old-paths-by-j-c-ryle/,LibriVox,Audiobook,Found in existing library check,Public domain in USA - verify item metadata,Reviewed-compatible candidate,Attach to Ryle collection,Good doctrine/Christian-living listen candidate.
8,Sermon Audio,Spurgeon's Sermons May 1858,C. H. Spurgeon,https://librivox.org/spurgeons-sermons-may-1858-by-charles-spurgeon/,LibriVox,Sermon series,Needs sermon-series matching not duplicate book card,Public domain in USA - verify item metadata,Reviewed-compatible candidate,Create sermon audio metadata pilot,Preserve sermon titles and connect to preaching examples.
9,Audio,The Autobiography of Charles H. Spurgeon Volume 1,C. H. Spurgeon,https://librivox.org/the-autobiography-of-charles-h-spurgeon-volume-1-by-charles-h-spurgeon/,LibriVox,Audiobook,Needs volume grouping check,Public domain in USA - verify item metadata,Reviewed-compatible candidate,Attach to Spurgeon author page and preacher path,Use one-work/multiple-volume grouping if text volumes already exist.
